,subtaskID,datapointID,answer
0,1,1,0.0
1,2,10001,464.3
2,2,10002,245.5
3,2,10003,492.0
4,2,10004,274.4
5,2,10005,373.4
6,2,10006,110.5
7,2,10007,472.1
8,2,10008,132.2
9,2,10009,401.4
10,2,10010,125.9
11,2,10011,279.9
12,2,10012,380.3
13,2,10013,192.2
14,2,10014,336.7
15,2,10015,318.0
16,2,10016,376.3
17,2,10017,445.0
18,2,10018,451.8
19,2,10019,489.4
20,2,10020,804.3
21,2,10021,473.4
22,2,10022,104.5
23,2,10023,349.8
24,2,10024,504.0
25,2,10025,468.7
26,2,10026,227.8
27,2,10027,471.9
28,2,10028,263.1
29,2,10029,464.1
30,2,10030,418.8
31,2,10031,358.7
32,2,10032,435.4
33,2,10033,195.4
34,2,10034,417.8
35,2,10035,281.3
36,2,10036,396.5
37,2,10037,556.6
38,2,10038,443.9
39,2,10039,457.5
40,2,10040,691.1
41,2,10041,326.6
42,2,10042,457.4
43,2,10043,216.4
44,2,10044,350.3
45,2,10045,497.1
46,2,10046,368.9
47,2,10047,539.1
48,2,10048,989.9
49,2,10049,431.7
50,2,10050,180.0
51,2,10051,610.3
52,2,10052,361.9
53,2,10053,390.3
54,2,10054,594.7
55,2,10055,462.6
56,2,10056,130.1
57,2,10057,825.9
58,2,10058,230.6
59,2,10059,534.0
60,2,10060,656.9
61,2,10061,366.0
62,2,10062,208.8
63,2,10063,247.9
64,2,10064,185.0
65,2,10065,558.6
66,2,10066,476.2
67,2,10067,171.3
68,2,10068,353.6
69,2,10069,266.2
70,2,10070,533.5
71,2,10071,274.9
72,2,10072,439.0
73,2,10073,408.0
74,2,10074,261.8
75,2,10075,175.0
76,2,10076,470.9
77,2,10077,326.9
78,2,10078,482.3
79,2,10079,337.7
80,2,10080,550.9
81,2,10081,671.9
82,2,10082,470.5
83,2,10083,562.3
84,2,10084,435.6
85,2,10085,496.9
86,2,10086,424.0
87,2,10087,439.0
88,2,10088,442.0
89,2,10089,184.5
90,2,10090,152.9
91,2,10091,490.2
92,2,10092,500.8
93,2,10093,569.6
94,2,10094,282.0
95,2,10095,333.1
96,2,10096,462.3
97,2,10097,207.5
98,2,10098,466.9
99,2,10099,319.2
100,2,10100,313.6
101,2,10101,646.8
102,2,10102,267.2
103,2,10103,190.1
104,2,10104,677.0
105,2,10105,464.3
106,2,10106,503.1
107,2,10107,464.5
108,2,10108,312.5
109,2,10109,737.3
110,2,10110,688.4
111,2,10111,511.8
112,2,10112,238.0
113,2,10113,85.9
114,2,10114,916.8
115,2,10115,236.9
116,2,10116,429.0
117,2,10117,370.4
118,2,10118,745.5
119,2,10119,164.3
120,2,10120,487.7
121,2,10121,408.2
122,2,10122,149.5
123,2,10123,513.0
124,2,10124,371.2
125,2,10125,272.4
126,2,10126,376.0
127,2,10127,371.4
128,2,10128,70.9
129,2,10129,165.7
130,2,10130,552.2
131,2,10131,616.6
132,2,10132,315.8
133,2,10133,646.3
134,2,10134,434.7
135,2,10135,157.0
136,2,10136,359.2
137,2,10137,528.9
138,2,10138,588.2
139,2,10139,132.1
140,2,10140,475.8
141,2,10141,483.4
142,2,10142,230.4
143,2,10143,481.8
144,2,10144,492.6
145,2,10145,923.6
146,2,10146,324.9
147,2,10147,451.8
148,2,10148,798.6
149,2,10149,105.7
150,2,10150,380.1
151,2,10151,414.5
152,2,10152,563.4
153,2,10153,196.9
154,2,10154,384.2
155,2,10155,826.4
156,2,10156,334.2
157,2,10157,183.3
158,2,10158,686.6
159,2,10159,464.8
160,2,10160,419.6
161,2,10161,477.1
162,2,10162,643.6
163,2,10163,443.3
164,2,10164,190.5
165,2,10165,331.7
166,2,10166,484.9
167,2,10167,22.2
168,2,10168,457.1
169,2,10169,327.7
170,2,10170,175.1
171,2,10171,347.9
172,2,10172,650.7
173,2,10173,577.8
174,2,10174,351.4
175,2,10175,442.1
176,2,10176,536.1
177,2,10177,656.0
178,2,10178,638.4
179,2,10179,383.1
180,2,10180,512.4
181,2,10181,380.8
182,2,10182,305.9
183,2,10183,408.7
184,2,10184,389.6
185,2,10185,181.3
186,2,10186,490.4
187,2,10187,275.3
188,2,10188,589.4
189,2,10189,582.8
190,2,10190,187.9
191,2,10191,225.2
192,2,10192,311.8
193,2,10193,415.9
194,2,10194,241.5
195,2,10195,713.2
196,2,10196,303.6
197,2,10197,152.5
198,2,10198,684.7
199,2,10199,379.4
200,2,10200,176.7
201,2,10201,368.3
202,2,10202,199.9
203,2,10203,625.5
204,2,10204,258.6
205,2,10205,318.4
206,2,10206,490.5
207,2,10207,333.9
208,2,10208,709.0
209,2,10209,617.0
210,2,10210,500.5
211,2,10211,154.3
212,2,10212,649.4
213,2,10213,141.5
214,2,10214,397.5
215,2,10215,259.4
216,2,10216,336.8
217,2,10217,507.5
218,2,10218,483.2
219,2,10219,520.1
220,2,10220,503.9
221,2,10221,396.7
222,2,10222,200.2
223,2,10223,783.4
224,2,10224,284.6
225,2,10225,357.1
226,2,10226,397.4
227,2,10227,646.7
228,2,10228,133.7
229,2,10229,286.0
230,2,10230,198.1
231,2,10231,218.5
232,2,10232,608.9
233,2,10233,596.3
234,2,10234,281.7
235,2,10235,454.4
236,2,10236,359.8
237,2,10237,413.4
238,2,10238,243.0
239,2,10239,715.1
240,2,10240,559.1
241,2,10241,346.6
242,2,10242,626.3
243,2,10243,474.7
244,2,10244,408.4
245,2,10245,688.5
246,2,10246,373.2
247,2,10247,420.4
248,2,10248,277.9
249,2,10249,480.5
250,2,10250,397.1
251,2,10251,334.1
252,2,10252,556.3
253,2,10253,283.4
254,2,10254,317.1
255,2,10255,652.8
256,2,10256,156.7
257,2,10257,299.8
258,2,10258,284.0
259,2,10259,280.4
260,2,10260,191.8
261,2,10261,589.3
262,2,10262,221.8
263,2,10263,322.7
264,2,10264,294.6
265,2,10265,352.2
266,2,10266,379.5
267,2,10267,603.6
268,2,10268,792.7
269,2,10269,533.3
270,2,10270,260.8
271,2,10271,257.0
272,2,10272,561.2
273,2,10273,722.2
274,2,10274,426.7
275,2,10275,708.1
276,2,10276,256.8
277,2,10277,351.5
278,2,10278,218.2
279,2,10279,265.6
280,2,10280,694.6
281,2,10281,663.5
282,2,10282,662.4
283,2,10283,261.2
284,2,10284,217.5
285,2,10285,689.3
286,2,10286,428.3
287,2,10287,328.5
288,2,10288,318.9
289,2,10289,369.0
290,2,10290,249.3
291,2,10291,553.8
292,2,10292,696.3
293,2,10293,656.0
294,2,10294,544.9
295,2,10295,548.2
296,2,10296,677.7
297,2,10297,566.4
298,2,10298,483.1
299,2,10299,301.7
300,2,10300,249.7
301,2,10301,709.5
302,2,10302,404.3
303,2,10303,212.8
304,2,10304,531.3
305,2,10305,545.5
306,2,10306,235.0
307,2,10307,310.2
308,2,10308,346.8
309,2,10309,321.3
310,2,10310,533.2
311,2,10311,358.2
312,2,10312,268.6
313,2,10313,468.4
314,2,10314,648.8
315,2,10315,454.8
316,2,10316,809.7
317,2,10317,664.1
318,2,10318,285.1
319,2,10319,327.8
320,2,10320,445.4
321,2,10321,791.1
322,2,10322,554.7
323,2,10323,333.7
324,2,10324,795.7
325,2,10325,294.4
326,2,10326,439.5
327,2,10327,475.9
328,2,10328,216.4
329,2,10329,589.6
330,2,10330,429.4
331,2,10331,86.4
332,2,10332,391.1
333,2,10333,744.5
334,2,10334,409.3
335,2,10335,494.8
336,2,10336,405.3
337,2,10337,129.9
338,2,10338,616.3
339,2,10339,408.7
340,2,10340,771.7
341,2,10341,597.7
342,2,10342,507.2
343,2,10343,340.8
344,2,10344,237.6
345,2,10345,767.3
346,2,10346,800.6
347,2,10347,329.1
348,2,10348,419.6
349,2,10349,363.2
350,2,10350,396.8
351,2,10351,653.1
352,2,10352,449.3
353,2,10353,542.5
354,2,10354,251.9
355,2,10355,761.4
356,2,10356,261.3
357,2,10357,697.2
358,2,10358,293.0
359,2,10359,240.4
360,2,10360,459.0
361,2,10361,101.1
362,2,10362,325.8
363,2,10363,416.5
364,2,10364,173.0
365,2,10365,371.2
366,2,10366,843.8
367,2,10367,715.3
368,2,10368,479.4
369,2,10369,421.7
370,2,10370,354.7
371,2,10371,327.8
372,2,10372,368.8
373,2,10373,286.1
374,2,10374,593.6
375,2,10375,550.3
376,2,10376,248.6
377,2,10377,507.5
378,2,10378,189.5
379,2,10379,193.7
380,2,10380,597.8
381,2,10381,181.3
382,2,10382,711.7
383,2,10383,676.6
384,2,10384,490.7
385,2,10385,728.6
386,2,10386,455.2
387,2,10387,140.1
388,2,10388,614.9
389,2,10389,316.8
390,2,10390,178.6
391,2,10391,573.2
392,2,10392,649.3
393,2,10393,406.7
394,2,10394,174.0
395,2,10395,299.0
396,2,10396,346.3
397,2,10397,148.4
398,2,10398,294.0
399,2,10399,516.5
400,2,10400,90.1
401,2,10401,408.1
402,2,10402,685.2
403,2,10403,447.3
404,2,10404,627.0
405,2,10405,457.3
406,2,10406,319.5
407,2,10407,477.3
408,2,10408,298.2
409,2,10409,487.4
410,2,10410,510.6
411,2,10411,378.7
412,2,10412,441.6
413,2,10413,235.4
414,2,10414,398.7
415,2,10415,502.1
416,2,10416,648.9
417,2,10417,302.6
418,2,10418,535.2
419,2,10419,535.2
420,2,10420,699.6
421,2,10421,518.0
422,2,10422,354.5
423,2,10423,366.0
424,2,10424,396.2
425,2,10425,719.8
426,2,10426,357.2
427,2,10427,603.8
428,2,10428,522.4
429,2,10429,542.2
430,2,10430,388.3
431,2,10431,887.0
432,2,10432,126.7
433,2,10433,488.4
434,2,10434,242.3
435,2,10435,413.6
436,2,10436,675.5
437,2,10437,409.4
438,2,10438,425.7
439,2,10439,524.9
440,2,10440,320.6
441,2,10441,576.4
442,2,10442,301.4
443,2,10443,548.9
444,2,10444,413.7
445,2,10445,492.1
446,2,10446,468.5
447,2,10447,630.6
448,2,10448,309.0
449,2,10449,197.8
450,2,10450,255.1
451,2,10451,580.7
452,2,10452,202.6
453,2,10453,407.4
454,2,10454,411.7
455,2,10455,538.0
456,2,10456,553.1
457,2,10457,333.9
458,2,10458,481.6
459,2,10459,542.5
460,2,10460,406.2
461,2,10461,546.4
462,2,10462,472.9
463,2,10463,375.8
464,2,10464,452.0
465,2,10465,214.6
466,2,10466,511.7
467,2,10467,634.6
468,2,10468,526.4
469,2,10469,188.0
470,2,10470,408.3
471,2,10471,224.6
472,2,10472,631.5
473,2,10473,384.1
474,2,10474,704.6
475,2,10475,189.3
476,2,10476,451.9
477,2,10477,509.7
478,2,10478,153.8
479,2,10479,284.6
480,2,10480,271.2
481,2,10481,652.7
482,2,10482,218.6
483,2,10483,292.4
484,2,10484,820.5
485,2,10485,253.0
486,2,10486,409.8
487,2,10487,495.8
488,2,10488,474.0
489,2,10489,356.3
490,2,10490,155.3
491,2,10491,118.7
492,2,10492,504.8
493,2,10493,236.8
494,2,10494,138.6
495,2,10495,663.1
496,2,10496,444.8
497,2,10497,97.5
498,2,10498,242.5
499,2,10499,448.5
500,2,10500,294.3
501,2,10501,493.2
502,2,10502,237.1
503,2,10503,62.2
504,2,10504,542.1
505,2,10505,425.5
506,2,10506,314.0
507,2,10507,556.8
508,2,10508,500.0
509,2,10509,437.1
510,2,10510,457.8
511,2,10511,577.8
512,2,10512,416.4
513,2,10513,539.0
514,2,10514,263.1
515,2,10515,758.6
516,2,10516,345.8
517,2,10517,822.8
518,2,10518,208.9
519,2,10519,352.0
520,2,10520,242.7
521,2,10521,222.2
522,2,10522,547.7
523,2,10523,409.9
524,2,10524,206.1
525,2,10525,379.7
526,2,10526,582.0
527,2,10527,196.1
528,2,10528,500.4
529,2,10529,102.5
530,2,10530,194.2
531,2,10531,628.2
532,2,10532,132.0
533,2,10533,345.2
534,2,10534,715.6
535,2,10535,142.7
536,2,10536,455.8
537,2,10537,78.0
538,2,10538,239.7
539,2,10539,395.0
540,2,10540,667.9
541,2,10541,368.6
542,2,10542,536.1
543,2,10543,391.5
544,2,10544,516.6
545,2,10545,719.8
546,2,10546,715.9
547,2,10547,282.4
548,2,10548,797.3
549,2,10549,503.0
550,2,10550,665.5
551,2,10551,103.8
552,2,10552,441.4
553,2,10553,415.8
554,2,10554,559.5
555,2,10555,581.5
556,2,10556,461.3
557,2,10557,87.8
558,2,10558,353.8
559,2,10559,563.9
560,2,10560,314.2
561,2,10561,357.5
562,2,10562,762.7
563,2,10563,503.5
564,2,10564,149.1
565,2,10565,154.0
566,2,10566,269.9
567,2,10567,518.0
568,2,10568,541.9
569,2,10569,514.9
570,2,10570,336.6
571,2,10571,739.3
572,2,10572,846.8
573,2,10573,881.4
574,2,10574,187.3
575,2,10575,448.7
576,2,10576,523.8
577,2,10577,602.2
578,2,10578,564.7
579,2,10579,442.4
580,2,10580,559.1
581,2,10581,778.6
582,2,10582,436.5
583,2,10583,319.8
584,2,10584,242.5
585,2,10585,149.7
586,2,10586,871.6
587,2,10587,774.1
588,2,10588,303.1
589,2,10589,521.7
590,2,10590,426.6
591,2,10591,264.8
592,2,10592,480.7
593,2,10593,214.4
594,2,10594,281.3
595,2,10595,435.6
596,2,10596,501.8
597,2,10597,455.4
598,2,10598,406.0
599,2,10599,543.2
600,2,10600,134.7
601,2,10601,309.0
602,2,10602,438.7
603,2,10603,571.0
604,2,10604,568.4
605,2,10605,292.3
606,2,10606,518.1
607,2,10607,122.5
608,2,10608,588.0
609,2,10609,646.3
610,2,10610,252.2
611,2,10611,305.1
612,2,10612,692.2
613,2,10613,375.4
614,2,10614,440.2
615,2,10615,208.0
616,2,10616,730.6
617,2,10617,469.1
618,2,10618,375.9
619,2,10619,560.1
620,2,10620,326.7
621,2,10621,212.1
622,2,10622,296.8
623,2,10623,453.5
624,2,10624,414.9
625,2,10625,237.2
626,2,10626,674.4
627,2,10627,178.2
628,2,10628,413.3
629,2,10629,186.7
630,2,10630,350.2
631,2,10631,737.0
632,2,10632,496.6
633,2,10633,389.3
634,2,10634,563.9
635,2,10635,747.5
636,2,10636,469.6
637,2,10637,357.8
638,2,10638,192.1
639,2,10639,639.3
640,2,10640,369.1
641,2,10641,117.7
642,2,10642,496.7
643,2,10643,433.2
644,2,10644,462.2
645,2,10645,549.3
646,2,10646,954.7
647,2,10647,392.5
648,2,10648,349.3
649,2,10649,257.9
650,2,10650,617.7
651,2,10651,598.8
652,2,10652,478.1
653,2,10653,356.1
654,2,10654,521.3
655,2,10655,394.9
656,2,10656,153.4
657,2,10657,209.9
658,2,10658,461.2
659,2,10659,170.2
660,2,10660,262.2
661,2,10661,514.2
662,2,10662,378.4
663,2,10663,411.5
664,2,10664,516.3
665,2,10665,520.9
666,2,10666,300.9
667,2,10667,194.8
668,2,10668,131.2
669,2,10669,326.8
670,2,10670,376.2
671,2,10671,600.2
672,2,10672,290.9
673,2,10673,547.4
674,2,10674,104.3
675,2,10675,366.2
676,2,10676,363.5
677,2,10677,152.6
678,2,10678,398.8
679,2,10679,819.5
680,2,10680,645.1
681,2,10681,233.3
682,2,10682,469.7
683,2,10683,219.7
684,2,10684,121.0
685,2,10685,316.4
686,2,10686,532.1
687,2,10687,462.6
688,2,10688,333.5
689,2,10689,417.8
690,2,10690,339.3
691,2,10691,337.6
692,2,10692,295.3
693,2,10693,352.3
694,2,10694,487.3
695,2,10695,508.4
696,2,10696,165.9
697,2,10697,128.5
698,2,10698,134.9
699,2,10699,151.0
700,2,10700,223.8
701,2,10701,366.1
702,2,10702,691.0
703,2,10703,548.2
704,2,10704,445.6
705,2,10705,927.8
706,2,10706,532.5
707,2,10707,216.1
708,2,10708,499.2
709,2,10709,269.7
710,2,10710,589.0
711,2,10711,400.3
712,2,10712,133.4
713,2,10713,714.6
714,2,10714,444.0
715,2,10715,498.9
716,2,10716,240.8
717,2,10717,754.3
718,2,10718,202.5
719,2,10719,525.2
720,2,10720,430.6
721,2,10721,729.9
722,2,10722,510.2
723,2,10723,205.1
724,2,10724,563.9
725,2,10725,330.8
726,2,10726,556.7
727,2,10727,601.0
728,2,10728,237.6
729,2,10729,253.3
730,2,10730,142.6
731,2,10731,604.1
732,2,10732,175.5
733,2,10733,450.8
734,2,10734,449.0
735,2,10735,333.4
736,2,10736,675.4
737,2,10737,175.5
738,2,10738,299.0
739,2,10739,637.0
740,2,10740,480.2
741,2,10741,257.8
742,2,10742,396.2
743,2,10743,474.4
744,2,10744,251.6
745,2,10745,626.6
746,2,10746,371.7
747,2,10747,162.4
748,2,10748,535.7
749,2,10749,636.9
750,2,10750,698.7
751,2,10751,164.2
752,2,10752,654.2
753,2,10753,237.5
754,2,10754,317.3
755,2,10755,577.8
756,2,10756,528.1
757,2,10757,412.1
758,2,10758,420.3
759,2,10759,598.9
760,2,10760,385.0
761,2,10761,418.2
762,2,10762,398.0
763,2,10763,341.9
764,2,10764,362.3
765,2,10765,293.8
766,2,10766,795.7
767,2,10767,578.1
768,2,10768,715.3
769,2,10769,137.8
770,2,10770,590.3
771,2,10771,453.4
772,2,10772,267.8
773,2,10773,346.3
774,2,10774,178.5
775,2,10775,435.9
776,2,10776,490.0
777,2,10777,656.2
778,2,10778,491.0
779,2,10779,539.1
780,2,10780,401.6
781,2,10781,162.2
782,2,10782,412.9
783,2,10783,463.9
784,2,10784,607.2
785,2,10785,678.8
786,2,10786,443.9
787,2,10787,144.8
788,2,10788,450.2
789,2,10789,214.3
790,2,10790,528.5
791,2,10791,82.1
792,2,10792,88.0
793,2,10793,334.7
794,2,10794,251.1
795,2,10795,125.7
796,2,10796,415.6
797,2,10797,114.8
798,2,10798,543.4
799,2,10799,730.0
800,2,10800,312.3
801,2,10801,516.8
802,2,10802,883.0
803,2,10803,317.5
804,2,10804,388.7
805,2,10805,487.2
806,2,10806,225.0
807,2,10807,747.4
808,2,10808,280.9
809,2,10809,410.9
810,2,10810,336.7
811,2,10811,490.8
812,2,10812,538.9
813,2,10813,543.2
814,2,10814,550.0
815,2,10815,286.2
816,2,10816,194.0
817,2,10817,501.4
818,2,10818,167.1
819,2,10819,527.2
820,2,10820,275.1
821,2,10821,441.1
822,2,10822,310.2
823,2,10823,485.3
824,2,10824,291.6
825,2,10825,589.6
826,2,10826,269.7
827,2,10827,110.2
828,2,10828,512.6
829,2,10829,699.8
830,2,10830,220.1
831,2,10831,337.2
832,2,10832,561.9
833,2,10833,487.7
834,2,10834,326.5
835,2,10835,657.4
836,2,10836,249.3
837,2,10837,572.3
838,2,10838,559.7
839,2,10839,519.3
840,2,10840,431.8
841,2,10841,428.2
842,2,10842,787.0
843,2,10843,257.2
844,2,10844,349.0
845,2,10845,666.4
846,2,10846,537.5
847,2,10847,448.6
848,2,10848,424.2
849,2,10849,401.6
850,2,10850,303.6
851,2,10851,652.9
852,2,10852,497.6
853,2,10853,242.7
854,2,10854,557.1
855,2,10855,675.0
856,2,10856,473.5
857,2,10857,507.4
858,2,10858,494.9
859,2,10859,627.9
860,2,10860,511.7
861,2,10861,292.5
862,2,10862,125.9
863,2,10863,244.8
864,2,10864,536.6
865,2,10865,651.4
866,2,10866,599.1
867,2,10867,202.4
868,2,10868,349.8
869,2,10869,295.6
870,2,10870,198.2
871,2,10871,655.2
872,2,10872,155.8
873,2,10873,565.0
874,2,10874,269.0
875,2,10875,600.0
876,2,10876,537.9
877,2,10877,559.6
878,2,10878,394.2
879,2,10879,480.5
880,2,10880,369.2
881,2,10881,269.2
882,2,10882,271.5
883,2,10883,536.6
884,2,10884,372.4
885,2,10885,368.8
886,2,10886,64.0
887,2,10887,360.9
888,2,10888,571.9
889,2,10889,537.8
890,2,10890,232.0
891,2,10891,325.7
892,2,10892,695.9
893,2,10893,709.2
894,2,10894,351.2
895,2,10895,384.4
896,2,10896,319.0
897,2,10897,589.8
898,2,10898,308.8
899,2,10899,603.6
900,2,10900,691.2
901,2,10901,255.5
902,2,10902,202.7
903,2,10903,245.7
904,2,10904,690.4
905,2,10905,147.5
906,2,10906,445.0
907,2,10907,382.8
908,2,10908,382.1
909,2,10909,365.2
910,2,10910,448.2
911,2,10911,192.3
912,2,10912,471.6
913,2,10913,221.0
914,2,10914,288.3
915,2,10915,763.7
916,2,10916,765.2
917,2,10917,220.3
918,2,10918,491.1
919,2,10919,72.6
920,2,10920,137.4
921,2,10921,340.7
922,2,10922,659.1
923,2,10923,347.3
924,2,10924,85.4
925,2,10925,647.0
926,2,10926,346.3
927,2,10927,545.6
928,2,10928,172.0
929,2,10929,504.0
930,2,10930,425.6
931,2,10931,237.9
932,2,10932,646.9
933,2,10933,425.6
934,2,10934,190.1
935,2,10935,596.3
936,2,10936,389.0
937,2,10937,585.3
938,2,10938,239.2
939,2,10939,695.3
940,2,10940,461.9
941,2,10941,585.9
942,2,10942,520.4
943,2,10943,132.6
944,2,10944,471.7
945,2,10945,369.0
946,2,10946,432.7
947,2,10947,579.7
948,2,10948,368.2
949,2,10949,488.8
950,2,10950,506.4
951,2,10951,214.7
952,2,10952,615.5
953,2,10953,453.7
954,2,10954,490.7
955,2,10955,598.0
956,2,10956,724.2
957,2,10957,412.1
958,2,10958,437.8
959,2,10959,393.9
960,2,10960,245.8
961,2,10961,490.6
962,2,10962,220.7
963,2,10963,290.1
964,2,10964,352.9
965,2,10965,387.3
966,2,10966,388.7
967,2,10967,603.0
968,2,10968,367.8
969,2,10969,240.0
970,2,10970,578.7
971,2,10971,382.0
972,2,10972,674.5
973,2,10973,295.1
974,2,10974,150.5
975,2,10975,548.9
976,2,10976,509.3
977,2,10977,432.9
978,2,10978,217.1
979,2,10979,499.7
980,2,10980,794.9
981,2,10981,375.4
982,2,10982,551.0
983,2,10983,582.1
984,2,10984,320.0
985,2,10985,884.9
986,2,10986,434.0
987,2,10987,128.5
988,2,10988,628.8
989,2,10989,669.7
990,2,10990,673.4
991,2,10991,474.1
992,2,10992,417.0
993,2,10993,704.0
994,2,10994,425.7
995,2,10995,194.0
996,2,10996,140.3
997,2,10997,561.5
998,2,10998,522.8
999,2,10999,401.6
1000,2,11000,506.6
1001,2,11001,199.7
1002,2,11002,344.8
1003,2,11003,622.0
1004,2,11004,647.8
1005,2,11005,300.7
1006,2,11006,507.0
1007,2,11007,569.4
1008,2,11008,501.9
1009,2,11009,241.0
1010,2,11010,464.3
1011,2,11011,418.9
1012,2,11012,423.3
1013,2,11013,517.3
1014,2,11014,353.4
1015,2,11015,237.7
1016,2,11016,682.7
1017,2,11017,534.5
1018,2,11018,318.4
1019,2,11019,154.8
1020,2,11020,346.8
1021,2,11021,541.9
1022,2,11022,457.3
1023,2,11023,181.0
1024,2,11024,474.2
1025,2,11025,340.3
1026,2,11026,610.5
1027,2,11027,347.4
1028,2,11028,133.0
1029,2,11029,374.4
1030,2,11030,394.4
1031,2,11031,609.3
1032,2,11032,775.4
1033,2,11033,295.4
1034,2,11034,537.4
1035,2,11035,372.1
1036,2,11036,385.9
1037,2,11037,319.7
1038,2,11038,295.2
1039,2,11039,249.9
1040,2,11040,697.7
1041,2,11041,358.0
1042,2,11042,530.8
1043,2,11043,466.3
1044,2,11044,508.0
1045,2,11045,714.3
1046,2,11046,313.5
1047,2,11047,619.6
1048,2,11048,209.0
1049,2,11049,397.0
1050,2,11050,649.4
1051,2,11051,372.2
1052,2,11052,429.7
1053,2,11053,103.0
1054,2,11054,113.5
1055,2,11055,156.7
1056,2,11056,732.0
1057,2,11057,273.9
1058,2,11058,222.8
1059,2,11059,855.5
1060,2,11060,147.5
1061,2,11061,268.6
1062,2,11062,855.9
1063,2,11063,510.6
1064,2,11064,784.7
1065,2,11065,494.1
1066,2,11066,579.3
1067,2,11067,343.0
1068,2,11068,342.3
1069,2,11069,384.4
1070,2,11070,521.3
1071,2,11071,217.7
1072,2,11072,830.8
1073,2,11073,176.0
1074,2,11074,193.8
1075,2,11075,323.1
1076,2,11076,649.2
1077,2,11077,587.8
1078,2,11078,287.4
1079,2,11079,317.1
1080,2,11080,320.6
1081,2,11081,259.1
1082,2,11082,555.0
1083,2,11083,434.2
1084,2,11084,491.2
1085,2,11085,440.9
1086,2,11086,221.7
1087,2,11087,269.8
1088,2,11088,552.6
1089,2,11089,514.7
1090,2,11090,533.1
1091,2,11091,556.7
1092,2,11092,280.6
1093,2,11093,508.9
1094,2,11094,306.2
1095,2,11095,388.2
1096,2,11096,476.1
1097,2,11097,451.7
1098,2,11098,227.0
1099,2,11099,567.4
1100,2,11100,175.4
1101,2,11101,260.8
1102,2,11102,218.1
1103,2,11103,498.2
1104,2,11104,152.8
1105,2,11105,385.9
1106,2,11106,628.6
1107,2,11107,263.5
1108,2,11108,107.8
1109,2,11109,590.7
1110,2,11110,216.6
1111,2,11111,613.9
1112,2,11112,369.3
1113,2,11113,175.0
1114,2,11114,238.9
1115,2,11115,228.9
1116,2,11116,291.0
1117,2,11117,381.6
1118,2,11118,627.1
1119,2,11119,544.1
1120,2,11120,246.1
1121,2,11121,552.0
1122,2,11122,551.1
1123,2,11123,546.6
1124,2,11124,262.0
1125,2,11125,533.0
1126,2,11126,410.2
1127,2,11127,754.6
1128,2,11128,577.2
1129,2,11129,776.1
1130,2,11130,684.4
1131,2,11131,657.6
1132,2,11132,314.7
1133,2,11133,364.3
1134,2,11134,260.2
1135,2,11135,345.3
1136,2,11136,238.0
1137,2,11137,194.0
1138,2,11138,746.5
1139,2,11139,324.7
1140,2,11140,512.8
1141,2,11141,263.4
1142,2,11142,195.1
1143,2,11143,453.8
1144,2,11144,248.8
1145,2,11145,332.2
1146,2,11146,180.2
1147,2,11147,309.2
1148,2,11148,245.9
1149,2,11149,739.8
1150,2,11150,393.3
1151,2,11151,628.2
1152,2,11152,166.3
1153,2,11153,621.1
1154,2,11154,973.7
1155,2,11155,338.7
1156,2,11156,265.6
1157,2,11157,840.4
1158,2,11158,350.8
1159,2,11159,665.7
1160,2,11160,433.2
1161,2,11161,468.6
1162,2,11162,736.1
1163,2,11163,974.1
1164,2,11164,337.4
1165,2,11165,373.1
1166,2,11166,509.4
1167,2,11167,418.4
1168,2,11168,231.5
1169,2,11169,863.0
1170,2,11170,422.2
1171,2,11171,310.4
1172,2,11172,491.9
1173,2,11173,329.1
1174,2,11174,280.1
1175,2,11175,581.2
1176,2,11176,440.2
1177,2,11177,509.7
1178,2,11178,443.2
1179,2,11179,694.5
1180,2,11180,367.2
1181,2,11181,149.1
1182,2,11182,897.4
1183,2,11183,353.1
1184,2,11184,533.6
1185,2,11185,340.4
1186,2,11186,246.8
1187,2,11187,545.0
1188,2,11188,199.1
1189,2,11189,429.2
1190,2,11190,613.0
1191,2,11191,119.9
1192,2,11192,127.9
1193,2,11193,402.0
1194,2,11194,438.3
1195,2,11195,312.1
1196,2,11196,497.3
1197,2,11197,285.6
1198,2,11198,615.7
1199,2,11199,153.9
1200,2,11200,908.8
1201,2,11201,471.3
1202,2,11202,736.7
1203,2,11203,489.5
1204,2,11204,878.8
1205,2,11205,299.0
1206,2,11206,707.7
1207,2,11207,668.8
1208,2,11208,513.7
1209,2,11209,312.4
1210,2,11210,652.8
1211,2,11211,471.1
1212,2,11212,330.7
1213,2,11213,213.9
1214,2,11214,543.8
1215,2,11215,493.6
1216,2,11216,648.6
1217,2,11217,343.6
1218,2,11218,589.0
1219,2,11219,432.9
1220,2,11220,316.5
1221,2,11221,304.8
1222,2,11222,610.4
1223,2,11223,483.9
1224,2,11224,450.4
1225,2,11225,228.8
1226,2,11226,671.6
1227,2,11227,549.5
1228,2,11228,684.5
1229,2,11229,431.8
1230,2,11230,473.2
1231,2,11231,395.0
1232,2,11232,874.3
1233,2,11233,118.7
1234,2,11234,297.5
1235,2,11235,440.3
1236,2,11236,303.7
1237,2,11237,725.1
1238,2,11238,428.1
1239,2,11239,347.0
1240,2,11240,729.1
1241,2,11241,466.7
1242,2,11242,669.6
1243,2,11243,505.6
1244,2,11244,615.3
1245,2,11245,448.7
1246,2,11246,211.0
1247,2,11247,487.7
1248,2,11248,665.6
1249,2,11249,336.1
1250,2,11250,416.6
1251,2,11251,704.6
1252,2,11252,762.6
1253,2,11253,632.3
1254,2,11254,287.8
1255,2,11255,385.3
1256,2,11256,332.9
1257,2,11257,705.3
1258,2,11258,724.6
1259,2,11259,582.3
1260,2,11260,347.5
1261,2,11261,215.3
1262,2,11262,440.6
1263,2,11263,463.6
1264,2,11264,807.6
1265,2,11265,774.5
1266,2,11266,122.9
1267,2,11267,422.1
1268,2,11268,359.5
1269,2,11269,312.2
1270,2,11270,286.2
1271,2,11271,490.9
1272,2,11272,490.0
1273,2,11273,331.2
1274,2,11274,409.6
1275,2,11275,417.1
1276,2,11276,372.1
1277,2,11277,397.7
1278,2,11278,191.0
1279,2,11279,611.1
1280,2,11280,637.8
1281,2,11281,394.9
1282,2,11282,418.6
1283,2,11283,261.0
1284,2,11284,132.9
1285,2,11285,535.3
1286,2,11286,591.9
1287,2,11287,434.9
1288,2,11288,507.4
1289,2,11289,568.1
1290,2,11290,407.8
1291,2,11291,254.3
1292,2,11292,725.9
1293,2,11293,389.5
1294,2,11294,343.7
1295,2,11295,634.2
1296,2,11296,456.0
1297,2,11297,224.2
1298,2,11298,666.2
1299,2,11299,420.1
1300,2,11300,765.9
1301,2,11301,503.8
1302,2,11302,171.9
1303,2,11303,655.0
1304,2,11304,440.2
1305,2,11305,314.9
1306,2,11306,424.9
1307,2,11307,300.8
1308,2,11308,264.5
1309,2,11309,621.4
1310,2,11310,261.2
1311,2,11311,383.6
1312,2,11312,209.8
1313,2,11313,96.6
1314,2,11314,314.9
1315,2,11315,674.6
1316,2,11316,548.3
1317,2,11317,561.7
1318,2,11318,687.3
1319,2,11319,298.1
1320,2,11320,243.4
1321,2,11321,245.3
1322,2,11322,519.7
1323,2,11323,110.7
1324,2,11324,175.2
1325,2,11325,555.5
1326,2,11326,572.5
1327,2,11327,276.6
1328,2,11328,381.4
1329,2,11329,642.2
1330,2,11330,443.1
1331,2,11331,429.8
1332,2,11332,316.4
1333,2,11333,174.4
1334,2,11334,466.6
1335,2,11335,356.8
1336,2,11336,122.0
1337,2,11337,490.9
1338,2,11338,162.4
1339,2,11339,550.9
1340,2,11340,646.6
1341,2,11341,119.1
1342,2,11342,243.9
1343,2,11343,455.0
1344,2,11344,533.8
1345,2,11345,526.0
1346,2,11346,324.2
1347,2,11347,132.7
1348,2,11348,288.4
1349,2,11349,123.8
1350,2,11350,576.5
1351,2,11351,698.1
1352,2,11352,265.3
1353,2,11353,587.6
1354,2,11354,322.9
1355,2,11355,528.3
1356,2,11356,703.5
1357,2,11357,178.6
1358,2,11358,78.5
1359,2,11359,519.8
1360,2,11360,658.2
1361,2,11361,639.5
1362,2,11362,674.8
1363,2,11363,225.3
1364,2,11364,363.2
1365,2,11365,841.8
1366,2,11366,472.1
1367,2,11367,373.3
1368,2,11368,389.2
1369,2,11369,205.1
1370,2,11370,287.9
1371,2,11371,431.9
1372,2,11372,316.3
1373,2,11373,469.0
1374,2,11374,362.5
1375,2,11375,721.6
1376,2,11376,396.8
1377,2,11377,384.2
1378,2,11378,310.5
1379,2,11379,560.4
1380,2,11380,246.8
1381,2,11381,671.7
1382,2,11382,603.5
1383,2,11383,254.3
1384,2,11384,128.0
1385,2,11385,304.0
1386,2,11386,599.8
1387,2,11387,229.7
1388,2,11388,620.2
1389,2,11389,292.4
1390,2,11390,341.3
1391,2,11391,218.3
1392,2,11392,617.5
1393,2,11393,426.2
1394,2,11394,328.1
1395,2,11395,714.0
1396,2,11396,662.5
1397,2,11397,639.5
1398,2,11398,518.7
1399,2,11399,344.9
1400,2,11400,181.7
1401,2,11401,436.8
1402,2,11402,542.8
1403,2,11403,328.7
1404,2,11404,455.3
1405,2,11405,80.8
1406,2,11406,437.0
1407,2,11407,135.1
1408,2,11408,495.8
1409,2,11409,969.5
1410,2,11410,201.9
1411,2,11411,246.5
1412,2,11412,206.0
1413,2,11413,153.1
1414,2,11414,538.6
1415,2,11415,347.5
1416,2,11416,478.4
1417,2,11417,61.6
1418,2,11418,149.6
1419,2,11419,677.8
1420,2,11420,718.3
1421,2,11421,655.6
1422,2,11422,209.6
1423,2,11423,536.6
1424,2,11424,600.7
1425,2,11425,563.3
1426,2,11426,282.7
1427,2,11427,402.1
1428,2,11428,560.5
1429,2,11429,390.4
1430,2,11430,534.6
1431,2,11431,456.3
1432,2,11432,733.6
1433,2,11433,197.0
1434,2,11434,668.7
1435,2,11435,657.1
1436,2,11436,133.4
1437,2,11437,462.7
1438,2,11438,667.5
1439,2,11439,580.7
1440,2,11440,274.6
1441,2,11441,440.8
1442,2,11442,747.3
1443,2,11443,528.2
1444,2,11444,334.0
1445,2,11445,175.3
1446,2,11446,277.4
1447,2,11447,777.5
1448,2,11448,486.2
1449,2,11449,574.4
1450,2,11450,412.4
1451,2,11451,421.9
1452,2,11452,473.7
1453,2,11453,359.4
1454,2,11454,484.5
1455,2,11455,593.0
1456,2,11456,436.5
1457,2,11457,835.4
1458,2,11458,312.3
1459,2,11459,223.0
1460,2,11460,343.3
1461,2,11461,443.4
1462,2,11462,548.8
1463,2,11463,364.7
1464,2,11464,355.5
1465,2,11465,304.9
1466,2,11466,202.4
1467,2,11467,349.0
1468,2,11468,556.7
1469,2,11469,689.5
1470,2,11470,402.4
1471,2,11471,425.8
1472,2,11472,240.7
1473,2,11473,461.2
1474,2,11474,348.4
1475,2,11475,172.9
1476,2,11476,159.8
1477,2,11477,346.1
1478,2,11478,218.6
1479,2,11479,430.4
1480,2,11480,468.6
1481,2,11481,448.3
1482,2,11482,444.4
1483,2,11483,287.2
1484,2,11484,410.9
1485,2,11485,430.8
1486,2,11486,710.1
1487,2,11487,434.6
1488,2,11488,495.7
1489,2,11489,524.8
1490,2,11490,446.1
1491,2,11491,433.4
1492,2,11492,142.0
1493,2,11493,489.6
1494,2,11494,385.4
1495,2,11495,706.2
1496,2,11496,380.5
1497,2,11497,597.5
1498,2,11498,361.0
1499,2,11499,267.3
1500,2,11500,342.5
1501,2,11501,314.8
1502,2,11502,147.5
1503,2,11503,212.2
1504,2,11504,292.9
1505,2,11505,496.8
1506,2,11506,553.9
1507,2,11507,273.4
1508,2,11508,203.8
1509,2,11509,484.0
1510,2,11510,75.6
1511,2,11511,412.7
1512,2,11512,477.0
1513,2,11513,473.3
1514,2,11514,436.1
1515,2,11515,657.0
1516,2,11516,377.7
1517,2,11517,394.2
1518,2,11518,674.3
1519,2,11519,132.5
1520,2,11520,556.3
1521,2,11521,398.7
1522,2,11522,372.6
1523,2,11523,667.7
1524,2,11524,129.0
1525,2,11525,342.0
1526,2,11526,572.9
1527,2,11527,640.3
1528,2,11528,677.4
1529,2,11529,355.6
1530,2,11530,477.1
1531,2,11531,569.3
1532,2,11532,532.6
1533,2,11533,279.5
1534,2,11534,587.8
1535,2,11535,382.6
1536,2,11536,653.1
1537,2,11537,400.5
1538,2,11538,476.0
1539,2,11539,568.0
1540,2,11540,425.8
1541,2,11541,541.8
1542,2,11542,613.5
1543,2,11543,234.8
1544,2,11544,193.7
1545,2,11545,410.3
1546,2,11546,290.1
1547,2,11547,416.8
1548,2,11548,417.0
1549,2,11549,306.2
1550,2,11550,329.9
1551,2,11551,244.1
1552,2,11552,690.2
1553,2,11553,259.4
1554,2,11554,758.4
1555,2,11555,581.9
1556,2,11556,157.1
1557,2,11557,791.3
1558,2,11558,619.5
1559,2,11559,384.2
1560,2,11560,380.5
1561,2,11561,479.0
1562,2,11562,308.8
1563,2,11563,376.9
1564,2,11564,277.1
1565,2,11565,568.5
1566,2,11566,436.7
1567,2,11567,364.3
1568,2,11568,363.2
1569,2,11569,143.0
1570,2,11570,259.2
1571,2,11571,247.7
1572,2,11572,429.9
1573,2,11573,567.6
1574,2,11574,541.6
1575,2,11575,388.5
1576,2,11576,579.9
1577,2,11577,207.9
1578,2,11578,366.5
1579,2,11579,550.2
1580,2,11580,546.8
1581,2,11581,413.3
1582,2,11582,363.7
1583,2,11583,422.9
1584,2,11584,627.7
1585,2,11585,139.0
1586,2,11586,570.9
1587,2,11587,346.1
1588,2,11588,215.4
1589,2,11589,111.6
1590,2,11590,523.9
1591,2,11591,255.3
1592,2,11592,204.9
1593,2,11593,229.5
1594,2,11594,673.1
1595,2,11595,593.2
1596,2,11596,502.9
1597,2,11597,487.4
1598,2,11598,808.5
1599,2,11599,514.1
1600,2,11600,424.0
1601,2,11601,628.8
1602,2,11602,500.5
1603,2,11603,329.6
1604,2,11604,565.1
1605,2,11605,283.7
1606,2,11606,635.5
1607,2,11607,503.3
1608,2,11608,199.5
1609,2,11609,348.1
1610,2,11610,621.0
1611,2,11611,392.4
1612,2,11612,151.6
1613,2,11613,640.8
1614,2,11614,454.0
1615,2,11615,215.0
1616,2,11616,129.1
1617,2,11617,657.2
1618,2,11618,482.4
1619,2,11619,697.8
1620,2,11620,392.9
1621,2,11621,1000.0
1622,2,11622,373.1
1623,2,11623,351.0
1624,2,11624,445.5
1625,2,11625,643.3
1626,2,11626,160.7
1627,2,11627,305.0
1628,2,11628,377.8
1629,2,11629,213.2
1630,2,11630,66.8
1631,2,11631,505.0
1632,2,11632,486.9
1633,2,11633,540.3
1634,2,11634,172.8
1635,2,11635,699.7
1636,2,11636,809.3
1637,2,11637,339.1
1638,2,11638,512.1
1639,2,11639,450.9
1640,2,11640,365.6
1641,2,11641,85.9
1642,2,11642,659.6
1643,2,11643,465.7
1644,2,11644,236.7
1645,2,11645,312.8
1646,2,11646,478.2
1647,2,11647,317.9
1648,2,11648,159.9
1649,2,11649,236.2
1650,2,11650,338.9
1651,2,11651,788.6
1652,2,11652,449.6
1653,2,11653,514.2
1654,2,11654,170.5
1655,2,11655,372.9
1656,2,11656,391.3
1657,2,11657,889.9
1658,2,11658,518.2
1659,2,11659,375.0
1660,2,11660,417.2
1661,2,11661,557.9
1662,2,11662,148.8
1663,2,11663,475.4
1664,2,11664,434.2
1665,2,11665,169.2
1666,2,11666,567.8
1667,2,11667,556.1
1668,2,11668,289.6
1669,2,11669,444.3
1670,2,11670,308.0
1671,2,11671,346.2
1672,2,11672,141.3
1673,2,11673,550.2
1674,2,11674,569.9
1675,2,11675,527.2
1676,2,11676,686.0
1677,2,11677,625.0
1678,2,11678,252.3
1679,2,11679,619.3
1680,2,11680,826.9
1681,2,11681,401.1
1682,2,11682,550.2
1683,2,11683,704.4
1684,2,11684,322.9
1685,2,11685,595.0
1686,2,11686,435.1
1687,2,11687,543.9
1688,2,11688,615.9
1689,2,11689,592.8
1690,2,11690,654.6
1691,2,11691,435.8
1692,2,11692,690.9
1693,2,11693,42.6
1694,2,11694,363.0
1695,2,11695,465.2
1696,2,11696,351.7
1697,2,11697,305.0
1698,2,11698,205.4
1699,2,11699,496.4
1700,2,11700,621.6
1701,2,11701,174.2
1702,2,11702,394.2
1703,2,11703,102.5
1704,2,11704,301.0
1705,2,11705,290.5
1706,2,11706,625.2
1707,2,11707,506.2
1708,2,11708,504.7
1709,2,11709,346.5
1710,2,11710,530.1
1711,2,11711,718.8
1712,2,11712,342.9
1713,2,11713,232.6
1714,2,11714,281.9
1715,2,11715,477.7
1716,2,11716,223.4
1717,2,11717,632.2
1718,2,11718,145.1
1719,2,11719,215.2
1720,2,11720,140.4
1721,2,11721,443.3
1722,2,11722,421.0
1723,2,11723,900.5
1724,2,11724,422.5
1725,2,11725,445.4
1726,2,11726,413.7
1727,2,11727,155.8
1728,2,11728,273.9
1729,2,11729,256.2
1730,2,11730,525.9
1731,2,11731,372.6
1732,2,11732,248.4
1733,2,11733,365.2
1734,2,11734,156.7
1735,2,11735,538.7
1736,2,11736,333.5
1737,2,11737,599.0
1738,2,11738,433.5
1739,2,11739,540.3
1740,2,11740,264.5
1741,2,11741,258.1
1742,2,11742,618.5
1743,2,11743,319.9
1744,2,11744,294.9
1745,2,11745,242.8
1746,2,11746,723.8
1747,2,11747,361.0
1748,2,11748,625.7
1749,2,11749,191.7
1750,2,11750,175.8
1751,2,11751,646.4
1752,2,11752,296.8
1753,2,11753,504.9
1754,2,11754,993.4
1755,2,11755,121.6
1756,2,11756,687.9
1757,2,11757,535.2
1758,2,11758,640.1
1759,2,11759,168.7
1760,2,11760,188.0
1761,2,11761,600.0
1762,2,11762,221.5
1763,2,11763,298.2
1764,2,11764,249.7
1765,2,11765,584.8
1766,2,11766,387.0
1767,2,11767,706.5
1768,2,11768,250.7
1769,2,11769,804.8
1770,2,11770,529.0
1771,2,11771,350.6
1772,2,11772,144.8
1773,2,11773,101.2
1774,2,11774,614.5
1775,2,11775,352.9
1776,2,11776,127.5
1777,2,11777,483.0
1778,2,11778,492.6
1779,2,11779,116.0
1780,2,11780,487.0
1781,2,11781,473.1
1782,2,11782,631.6
1783,2,11783,994.0
1784,2,11784,586.1
1785,2,11785,347.0
1786,2,11786,108.6
1787,2,11787,291.2
1788,2,11788,541.6
1789,2,11789,517.4
1790,2,11790,327.7
1791,2,11791,346.5
1792,2,11792,355.3
1793,2,11793,478.3
1794,2,11794,592.4
1795,2,11795,152.3
1796,2,11796,124.5
1797,2,11797,282.4
1798,2,11798,432.2
1799,2,11799,799.2
1800,2,11800,620.6
1801,2,11801,457.9
1802,2,11802,205.1
1803,2,11803,777.8
1804,2,11804,760.7
1805,2,11805,279.0
1806,2,11806,401.1
1807,2,11807,296.9
1808,2,11808,221.4
1809,2,11809,641.0
1810,2,11810,670.6
1811,2,11811,785.0
1812,2,11812,551.1
1813,2,11813,340.6
1814,2,11814,597.5
1815,2,11815,556.1
1816,2,11816,583.2
1817,2,11817,171.0
1818,2,11818,150.4
1819,2,11819,467.9
1820,2,11820,681.5
1821,2,11821,372.2
1822,2,11822,564.0
1823,2,11823,551.7
1824,2,11824,457.6
1825,2,11825,278.6
1826,2,11826,496.7
1827,2,11827,329.1
1828,2,11828,595.4
1829,2,11829,255.4
1830,2,11830,485.8
1831,2,11831,570.1
1832,2,11832,498.5
1833,2,11833,662.0
1834,2,11834,337.1
1835,2,11835,212.4
1836,2,11836,478.4
1837,2,11837,228.5
1838,2,11838,678.7
1839,2,11839,163.0
1840,2,11840,408.7
1841,2,11841,256.7
1842,2,11842,92.1
1843,2,11843,178.2
1844,2,11844,139.8
1845,2,11845,392.5
1846,2,11846,604.2
1847,2,11847,468.1
1848,2,11848,688.8
1849,2,11849,150.3
1850,2,11850,287.9
1851,2,11851,665.7
1852,2,11852,191.7
1853,2,11853,395.2
1854,2,11854,123.0
1855,2,11855,669.4
1856,2,11856,213.7
1857,2,11857,457.3
1858,2,11858,295.4
1859,2,11859,396.9
1860,2,11860,813.8
1861,2,11861,351.8
1862,2,11862,513.6
1863,2,11863,752.6
1864,2,11864,329.1
1865,2,11865,135.2
1866,2,11866,156.4
1867,2,11867,660.5
1868,2,11868,139.9
1869,2,11869,325.1
1870,2,11870,266.2
1871,2,11871,171.4
1872,2,11872,462.5
1873,2,11873,236.0
1874,2,11874,360.7
1875,2,11875,510.7
1876,2,11876,571.6
1877,2,11877,626.6
1878,2,11878,288.9
1879,2,11879,427.3
1880,2,11880,551.4
1881,2,11881,295.6
1882,2,11882,872.8
1883,2,11883,405.7
1884,2,11884,275.3
1885,2,11885,621.5
1886,2,11886,811.3
1887,2,11887,383.4
1888,2,11888,860.9
1889,2,11889,649.0
1890,2,11890,497.8
1891,2,11891,159.5
1892,2,11892,491.3
1893,2,11893,475.0
1894,2,11894,236.7
1895,2,11895,552.3
1896,2,11896,470.1
1897,2,11897,348.3
1898,2,11898,610.0
1899,2,11899,784.5
1900,2,11900,332.4
1901,2,11901,201.8
1902,2,11902,682.4
1903,2,11903,492.8
1904,2,11904,186.9
1905,2,11905,340.7
1906,2,11906,149.4
1907,2,11907,327.2
1908,2,11908,468.9
1909,2,11909,296.6
1910,2,11910,583.2
1911,2,11911,569.6
1912,2,11912,418.7
1913,2,11913,461.3
1914,2,11914,410.2
1915,2,11915,736.1
1916,2,11916,711.0
1917,2,11917,43.4
1918,2,11918,489.6
1919,2,11919,164.9
1920,2,11920,251.8
1921,2,11921,374.1
1922,2,11922,297.4
1923,2,11923,667.9
1924,2,11924,617.7
1925,2,11925,286.5
1926,2,11926,708.2
1927,2,11927,454.8
1928,2,11928,260.8
1929,2,11929,454.4
1930,2,11930,894.8
1931,2,11931,542.2
1932,2,11932,112.0
1933,2,11933,206.0
1934,2,11934,263.1
1935,2,11935,441.1
1936,2,11936,305.6
1937,2,11937,269.1
1938,2,11938,423.6
1939,2,11939,354.7
1940,2,11940,333.0
1941,2,11941,408.7
1942,2,11942,660.0
1943,2,11943,382.6
1944,2,11944,99.2
1945,2,11945,534.9
1946,2,11946,423.6
1947,2,11947,147.6
1948,2,11948,376.8
1949,2,11949,554.2
1950,2,11950,197.4
1951,2,11951,111.0
1952,2,11952,512.7
1953,2,11953,130.3
1954,2,11954,174.0
1955,2,11955,447.1
1956,2,11956,271.3
1957,2,11957,295.7
1958,2,11958,239.9
1959,2,11959,737.5
1960,2,11960,631.4
1961,2,11961,196.1
1962,2,11962,325.1
1963,2,11963,528.9
1964,2,11964,338.5
1965,2,11965,577.6
1966,2,11966,334.7
1967,2,11967,365.7
1968,2,11968,553.3
1969,2,11969,535.6
1970,2,11970,383.6
1971,2,11971,660.6
1972,2,11972,777.4
1973,2,11973,163.4
1974,2,11974,239.4
1975,2,11975,445.6
1976,2,11976,638.8
1977,2,11977,493.1
1978,2,11978,608.1
1979,2,11979,371.8
1980,2,11980,451.1
1981,2,11981,446.2
1982,2,11982,529.7
1983,2,11983,863.6
1984,2,11984,241.2
1985,2,11985,530.9
1986,2,11986,107.9
1987,2,11987,595.3
1988,2,11988,549.0
1989,2,11989,168.3
1990,2,11990,445.9
1991,2,11991,197.6
1992,2,11992,181.1
1993,2,11993,501.4
1994,2,11994,603.3
1995,2,11995,362.7
1996,2,11996,553.7
1997,2,11997,425.5
1998,2,11998,149.0
1999,2,11999,458.6
2000,2,12000,480.9
