DatapointID,DuckOrNoDuck,PixelCount,BoundingBox
1,1,1540,137 89 212 177
2,0,0,0 0 0 0
3,1,2090,162 60 267 143
4,1,1408,10 207 91 277
5,1,2373,71 47 185 149
6,1,1232,74 300 140 370
7,1,1228,285 34 346 109
8,1,1253,147 132 207 209
9,1,1283,6 57 83 124
10,1,1052,38 25 105 77
11,1,3878,94 206 245 341
12,1,1621,75 54 165 131
13,1,3480,338 210 483 340
14,1,2577,39 339 144 457
15,0,0,0 0 0 0
16,1,1343,115 76 186 155
17,1,1511,102 143 173 229
18,1,5860,160 255 340 444
19,1,5341,185 165 350 355
20,0,0,0 0 0 0
21,1,1550,204 123 284 203
22,0,0,0 0 0 0
23,0,0,0 0 0 0
24,1,2141,93 361 195 455
25,1,1895,254 33 343 130
26,1,1685,47 126 129 216
27,1,1190,140 91 210 156
28,1,4489,398 227 554 383
29,1,3829,215 147 370 269
30,1,3792,164 25 296 180
31,1,1198,73 279 135 354
32,1,4214,145 21 275 187
33,1,1666,68 137 158 215
34,1,3204,119 55 241 193
35,1,2049,145 84 251 175
36,1,1098,190 140 260 200
37,1,1950,278 75 379 163
38,1,3009,214 27 333 157
39,1,2632,301 14 398 137
40,1,5979,184 112 352 314
41,1,1680,191 85 273 177
42,1,1167,13 139 75 207
43,1,2839,60 140 189 251
44,1,1764,131 66 213 161
45,1,2362,84 277 198 367
46,0,0,0 0 0 0
47,1,1899,406 212 506 288
48,1,3381,377 234 513 362
49,1,2535,41 190 158 297
50,1,1652,256 184 347 263
51,1,1033,52 23 103 89
52,0,0,0 0 0 0
53,1,4273,367 266 525 411
54,0,0,0 0 0 0
55,1,2355,40 94 148 193
56,0,0,0 0 0 0
57,1,2352,37 60 149 158
58,1,2885,370 157 499 263
59,1,1521,25 187 97 274
60,1,1068,45 57 103 122
61,1,4352,20 150 179 299
62,0,0,0 0 0 0
63,1,1403,384 41 460 114
64,1,1986,215 83 297 185
65,1,3060,295 203 430 308
66,1,1334,25 135 99 206
67,1,1340,65 134 136 213
68,1,1422,185 87 259 168
69,1,1215,107 148 181 205
70,0,0,0 0 0 0
71,1,6668,108 148 321 333
72,1,3340,172 79 285 223
73,1,3149,258 124 395 236
74,0,0,0 0 0 0
75,1,1268,174 71 250 133
76,1,1110,35 81 104 136
77,1,6401,61 151 244 357
78,0,0,0 0 0 0
79,1,1661,126 19 206 106
80,1,2248,50 298 143 410
81,1,2681,440 22 564 118
82,1,1588,109 43 190 126
83,1,1156,119 58 181 130
84,1,1692,81 25 169 106
85,1,1742,485 200 579 276
86,1,4197,258 189 400 347
87,1,1105,72 41 130 111
88,1,3083,290 38 426 148
89,1,1250,443 225 519 292
90,1,2885,344 200 448 330
91,1,2229,400 233 497 342
92,1,2288,53 152 153 261
93,0,0,0 0 0 0
94,1,1744,90 77 180 161
95,1,5157,317 25 487 198
96,1,1911,41 26 129 125
97,1,2379,25 22 128 135
98,1,4044,159 210 318 334
99,1,1508,46 132 124 212
100,1,5005,254 268 402 450
101,1,4139,114 124 275 259
102,1,2960,106 104 224 230
103,0,0,0 0 0 0
104,0,0,0 0 0 0
105,0,0,0 0 0 0
106,1,3069,257 35 377 165
107,1,5301,221 140 384 325
108,1,2608,86 157 190 277
109,1,1263,262 133 338 194
110,0,0,0 0 0 0
111,0,0,0 0 0 0
112,1,3129,108 102 229 238
113,1,2902,227 25 356 135
114,1,1158,88 21 145 93
115,0,0,0 0 0 0
116,0,0,0 0 0 0
117,1,1166,116 93 179 165
118,1,1277,17 81 85 158
119,0,0,0 0 0 0
120,1,4384,143 141 292 308
121,1,3013,196 157 312 291
122,1,1346,62 106 130 184
123,1,4161,448 17 595 169
124,0,0,0 0 0 0
125,0,0,0 0 0 0
126,1,1080,75 63 132 132
127,1,4388,113 68 281 208
128,0,0,0 0 0 0
129,1,1303,108 92 186 158
130,1,1123,71 85 141 148
131,1,2175,65 191 167 289
132,1,2530,88 82 208 179
133,1,4305,179 141 321 305
134,1,2453,61 105 177 204
135,1,3344,256 83 370 226
136,1,2147,143 85 246 180
137,1,1257,90 1 162 68
138,1,3736,131 59 275 194
139,1,1531,74 44 154 125
140,1,3005,31 116 145 247
141,1,2775,35 78 131 204
142,1,2469,407 139 522 240
143,0,0,0 0 0 0
144,1,3467,211 38 357 152
145,0,0,0 0 0 0
146,1,1231,31 98 92 174
147,1,1936,165 117 265 195
148,1,1234,14 54 88 118
149,1,1271,186 309 263 375
150,0,0,0 0 0 0
151,1,6020,303 51 505 221
152,0,0,0 0 0 0
153,0,0,0 0 0 0
154,1,1165,9 120 66 193
155,1,2728,290 108 415 210
156,1,1273,35 149 98 226
157,1,2301,120 164 230 261
158,1,3158,500 184 638 290
159,1,2082,200 10 298 106
160,1,3010,372 285 503 405
161,1,808,66 9 116 64
162,1,1201,87 61 153 134
163,1,5485,146 59 332 227
164,1,1246,34 14 102 85
165,1,7963,220 348 452 558
166,1,2102,62 97 166 190
167,1,1708,105 106 197 177
168,1,1371,28 147 106 220
169,1,4497,278 89 447 231
170,1,1894,305 87 404 166
171,1,1173,64 188 137 250
172,1,1517,130 114 216 190
173,1,3981,202 44 360 171
174,0,0,0 0 0 0
175,1,5196,40 258 216 425
176,1,2044,189 260 270 365
177,0,0,0 0 0 0
178,0,0,0 0 0 0
179,0,0,0 0 0 0
180,1,2326,150 162 247 276
181,1,1384,60 85 124 166
182,1,1980,159 52 251 153
183,1,1064,53 14 118 74
184,1,1072,82 147 150 208
185,0,0,0 0 0 0
186,1,3256,61 3 194 126
187,1,1161,306 284 371 356
188,1,1703,365 160 457 233
189,1,1387,216 6 289 85
190,1,2016,40 46 137 138
191,1,3635,33 160 168 300
192,1,2971,93 235 224 345
193,1,1190,67 10 133 80
194,0,0,0 0 0 0
195,1,2700,128 120 238 244
196,1,3939,175 46 308 201
197,1,1226,31 6 104 70
198,1,3060,153 38 257 174
199,1,2225,259 377 368 476
200,1,3916,162 264 319 401
201,1,2248,385 240 490 337
202,1,1026,35 7 92 74
203,1,2749,78 163 193 279
204,1,2222,187 47 298 143
205,1,1483,133 27 218 98
206,1,3516,137 74 283 205
207,1,1717,41 91 132 170
208,1,2688,298 193 423 287
209,1,2019,334 99 427 196
210,1,2980,148 18 252 151
211,1,3631,299 176 414 327
212,1,1560,54 153 124 241
213,1,3343,265 159 398 290
214,1,2678,249 243 348 367
215,1,1610,346 36 437 114
216,0,0,0 0 0 0
217,0,0,0 0 0 0
218,1,3234,34 153 172 279
219,1,2258,161 126 270 226
220,1,3378,234 130 361 266
221,1,5495,123 203 302 379
222,1,1188,116 237 187 303
223,1,2386,275 223 391 319
224,1,939,21 8 77 69
225,1,6823,363 78 563 281
226,1,3657,224 153 350 304
227,1,1045,31 38 98 92
228,0,0,0 0 0 0
229,1,3809,121 170 267 307
230,1,3124,285 173 393 310
231,0,0,0 0 0 0
232,1,2796,226 88 352 184
233,1,2479,127 52 221 171
234,1,1493,115 58 196 133
235,1,1154,88 22 159 77
236,1,3136,311 114 447 219
237,1,1330,102 264 166 343
238,1,1199,77 44 139 117
239,1,1245,200 213 267 289
240,0,0,0 0 0 0
241,1,4748,56 169 232 304
242,1,4308,3 107 165 250
243,0,0,0 0 0 0
244,0,0,0 0 0 0
245,1,4573,323 196 496 334
246,0,0,0 0 0 0
247,1,3923,52 192 211 328
248,0,0,0 0 0 0
249,1,1606,5 112 81 199
250,1,3134,483 97 613 219
251,1,1726,11 67 92 155
252,1,933,28 38 83 97
253,1,3104,140 44 255 181
254,1,1596,379 271 467 351
255,1,1439,277 208 350 291
256,1,1105,124 41 184 111
257,1,1367,11 82 84 157
258,1,1197,25 179 91 250
259,1,2618,404 139 512 260
260,1,1305,288 216 361 286
261,1,3701,366 318 502 464
262,1,1223,76 10 136 85
263,1,4212,397 158 562 292
264,1,2557,16 167 128 277
265,0,0,0 0 0 0
266,0,0,0 0 0 0
267,1,1153,246 18 312 85
268,1,4157,93 221 244 370
269,1,1810,296 265 392 347
270,0,0,0 0 0 0
271,1,2015,296 262 398 356
272,0,0,0 0 0 0
273,1,3064,68 59 183 192
274,1,1980,276 127 377 209
275,1,1011,30 56 89 119
276,1,1134,195 77 259 142
277,0,0,0 0 0 0
278,0,0,0 0 0 0
279,1,1578,65 159 133 247
280,1,2102,392 18 499 104
281,1,1408,38 24 120 89
282,1,1209,18 27 86 96
283,1,1015,49 55 115 111
284,1,1821,136 95 233 174
285,1,2312,450 262 563 351
286,1,2152,241 88 338 195
287,1,1471,322 307 407 378
288,0,0,0 0 0 0
289,0,0,0 0 0 0
290,1,1154,14 157 86 214
291,1,2424,81 206 179 323
292,1,1805,263 339 338 435
293,1,2773,226 166 346 276
294,1,1332,371 301 449 362
295,0,0,0 0 0 0
296,1,1260,437 84 508 149
297,1,947,17 21 70 84
298,1,3602,255 129 369 278
299,1,1327,112 175 182 250
300,1,3944,460 220 613 357
301,1,3681,342 93 493 227
302,0,0,0 0 0 0
303,1,5876,132 146 324 324
304,1,4343,378 115 546 246
305,1,1898,97 46 194 130
306,1,1802,371 195 457 285
307,1,2732,13 202 137 309
308,1,1094,59 65 118 135
309,1,4651,123 88 290 243
310,1,769,57 43 101 98
311,0,0,0 0 0 0
312,1,2557,122 98 226 215
313,1,1339,84 19 151 98
314,1,1499,29 102 109 176
315,1,4681,26 50 198 200
316,1,1148,443 130 514 190
317,1,1985,370 129 452 232
318,1,1707,166 170 260 246
319,1,1597,394 157 470 247
320,1,1207,79 28 144 99
321,1,2373,388 138 490 249
322,0,0,0 0 0 0
323,1,1099,46 42 116 101
324,1,5789,50 9 229 195
325,1,1450,12 46 89 124
326,1,2680,498 348 617 459
327,0,0,0 0 0 0
328,1,1401,250 322 326 397
329,0,0,0 0 0 0
330,0,0,0 0 0 0
331,0,0,0 0 0 0
332,1,1039,36 22 102 82
333,1,1374,275 276 354 346
334,0,0,0 0 0 0
335,1,2857,347 180 457 309
336,1,3041,51 253 185 363
337,1,3107,425 224 553 347
338,1,1050,7 37 70 95
339,1,2935,45 154 163 277
340,1,1422,61 150 143 213
341,1,2944,171 44 302 152
342,1,4056,66 183 226 303
343,1,4075,192 127 335 284
344,1,773,66 52 121 98
345,1,1197,94 76 163 139
346,1,5140,250 132 419 304
347,1,6826,168 135 378 329
348,0,0,0 0 0 0
349,1,3437,319 73 446 211
350,0,0,0 0 0 0
351,0,0,0 0 0 0
352,0,0,0 0 0 0
353,1,2574,73 302 181 423
354,1,5429,97 10 258 199
355,1,1133,88 139 151 209
356,1,2728,290 161 402 285
357,1,1713,289 126 372 218
358,1,1739,209 11 292 105
359,1,1782,229 18 309 114
360,0,0,0 0 0 0
361,0,0,0 0 0 0
362,1,3224,311 265 444 389
363,1,1302,216 75 279 153
364,1,1455,55 63 138 127
365,1,2341,316 117 415 230
366,1,1759,44 48 138 128
367,1,1166,34 10 106 69
368,0,0,0 0 0 0
369,1,1141,226 272 288 344
370,1,1305,323 86 400 155
371,1,752,36 47 90 92
372,1,1142,70 119 134 189
373,1,3585,205 113 337 254
374,1,822,43 41 92 99
375,1,3948,135 145 254 304
376,1,3226,73 118 187 258
377,1,3428,212 30 355 142
378,1,3846,231 43 386 180
379,1,6867,87 249 280 460
380,0,0,0 0 0 0
381,1,1893,236 286 323 386
382,1,5327,190 254 350 441
383,1,1418,333 189 404 269
384,1,1417,7 89 83 163
385,0,0,0 0 0 0
386,1,4051,38 87 181 245
387,1,1509,151 265 221 351
388,0,0,0 0 0 0
389,1,1826,374 207 471 285
390,1,6288,329 141 525 330
391,1,916,50 40 112 96
392,1,1317,63 74 142 141
393,1,1958,155 46 246 145
394,0,0,0 0 0 0
395,1,8035,60 191 290 404
396,1,1103,219 76 288 138
397,1,1104,38 149 96 219
398,0,0,0 0 0 0
399,1,2841,155 49 285 152
400,1,858,34 53 87 111
401,1,3671,214 130 336 281
402,0,0,0 0 0 0
403,1,3106,247 54 374 177
404,1,3712,28 171 170 309
405,1,2531,179 306 298 412
406,1,2900,90 27 220 127
407,1,2733,400 244 512 363
408,1,1675,306 51 388 140
409,0,0,0 0 0 0
410,1,1345,171 347 233 427
411,1,1655,259 212 338 303
412,1,1353,98 144 174 214
413,0,0,0 0 0 0
414,1,1802,150 286 233 382
415,1,2518,60 38 154 158
416,1,1906,114 82 209 171
417,0,0,0 0 0 0
418,1,2845,90 151 197 281
419,1,2360,105 25 205 140
420,1,3160,371 190 493 327
421,1,1706,282 245 374 328
422,1,1355,82 57 160 125
423,1,1714,318 243 409 327
424,1,1210,15 64 82 136
425,1,4030,393 122 535 276
426,1,3327,92 251 206 394
427,1,1212,174 101 247 161
428,1,2627,155 148 263 270
429,1,1887,213 186 292 285
430,1,1769,341 174 436 258
431,0,0,0 0 0 0
432,1,5147,244 193 414 365
433,1,2982,474 89 592 214
434,1,2276,81 234 188 333
435,0,0,0 0 0 0
436,1,1526,151 175 217 262
437,1,1980,144 132 247 220
438,1,2403,378 10 481 119
439,1,1440,203 35 274 117
440,1,1213,56 19 129 79
441,1,4505,239 211 410 354
442,1,2058,214 81 303 187
443,1,1121,31 14 101 78
444,1,1023,56 39 119 96
445,1,3562,159 115 288 263
446,1,933,20 34 83 88
447,1,1226,106 58 181 117
448,1,3318,177 189 290 331
449,1,875,24 34 75 94
450,1,1403,80 138 161 204
451,1,1231,48 62 113 135
452,1,1242,104 158 180 218
453,1,3863,134 192 283 330
454,1,1314,180 74 251 151
455,0,0,0 0 0 0
456,1,3507,49 182 177 329
457,1,957,54 46 111 106
458,1,1006,51 50 109 115
459,0,0,0 0 0 0
460,1,3569,25 283 174 404
461,1,2611,67 236 171 358
462,1,1941,97 2 184 100
463,1,1783,77 106 172 192
464,1,3638,484 185 608 335
465,1,1155,134 214 190 286
466,0,0,0 0 0 0
467,1,1537,147 41 227 122
468,0,0,0 0 0 0
469,1,2048,44 62 138 166
470,1,3476,361 210 484 357
471,0,0,0 0 0 0
472,0,0,0 0 0 0
473,1,1051,30 22 88 91
474,1,1596,185 189 269 267
475,0,0,0 0 0 0
476,1,3460,261 238 407 355
477,1,1330,112 78 176 157
478,0,0,0 0 0 0
479,0,0,0 0 0 0
480,1,1513,80 16 161 92
481,1,1786,171 135 266 220
482,1,3186,84 303 223 424
483,1,1230,427 135 501 193
484,1,1157,63 94 135 153
485,1,1603,134 320 224 398
486,1,3847,164 148 316 287
487,0,0,0 0 0 0
488,1,1274,100 20 162 96
489,0,0,0 0 0 0
490,0,0,0 0 0 0
491,1,2719,311 149 407 275
492,0,0,0 0 0 0
493,0,0,0 0 0 0
494,1,1989,65 39 166 126
495,1,1189,84 94 150 162
496,1,816,43 26 100 74
497,1,1767,72 51 147 147
498,1,2366,326 255 424 371
499,1,1765,73 142 168 217
500,1,662,33 13 82 56
501,1,2021,396 95 482 199
502,1,3681,91 114 220 262
503,1,1151,175 16 246 77
504,1,1069,19 23 77 86
505,1,2292,208 46 297 158
506,1,1319,84 71 152 150
507,1,2194,350 70 438 179
508,1,1930,89 296 189 372
509,1,4302,74 160 241 287
510,1,2891,61 348 176 477
511,1,6854,110 376 305 585
512,1,2023,333 118 435 210
513,1,3324,156 186 296 313
514,1,878,36 19 89 78
515,1,1352,132 46 203 125
516,0,0,0 0 0 0
517,0,0,0 0 0 0
518,0,0,0 0 0 0
519,1,2302,232 309 330 419
520,0,0,0 0 0 0
521,1,3638,115 205 248 354
522,1,1306,277 107 343 186
523,0,0,0 0 0 0
524,1,1075,45 39 110 99
525,0,0,0 0 0 0
526,0,0,0 0 0 0
527,0,0,0 0 0 0
528,1,2280,312 64 423 160
529,1,3956,112 227 257 374
530,0,0,0 0 0 0
531,0,0,0 0 0 0
532,1,2276,24 113 123 224
533,1,2633,272 101 376 224
534,1,1950,222 9 318 101
535,1,930,30 17 91 73
536,1,1451,128 57 211 120
537,1,3574,231 83 380 203
538,1,1131,72 26 134 92
539,1,2389,64 49 154 164
540,1,1436,77 111 160 180
541,1,1062,26 31 93 90
542,1,1263,63 37 122 113
543,0,0,0 0 0 0
544,1,2071,45 190 147 284
545,1,2799,173 273 293 383
546,1,2514,119 197 224 316
547,1,1762,190 287 269 381
548,0,0,0 0 0 0
549,0,0,0 0 0 0
550,0,0,0 0 0 0
551,1,2265,217 220 322 319
552,1,1306,37 188 99 267
553,1,1423,139 129 221 196
554,1,2023,163 26 266 105
555,1,5879,92 180 294 336
556,1,3862,92 38 243 177
557,1,3525,317 194 465 312
558,0,0,0 0 0 0
559,1,1534,288 250 361 337
560,1,1086,49 50 109 116
561,1,1841,120 379 218 455
562,1,3418,237 116 375 245
563,1,827,14 64 58 121
564,0,0,0 0 0 0
565,0,0,0 0 0 0
566,1,5561,69 236 241 429
567,1,3255,308 98 449 221
568,1,1328,21 123 90 201
569,1,1173,92 69 157 140
570,1,5612,152 94 327 281
571,1,1413,302 93 375 171
572,0,0,0 0 0 0
573,1,3529,282 250 414 393
574,1,4034,106 215 243 371
575,1,2257,186 320 284 432
576,1,6214,193 135 391 317
577,1,1731,141 69 234 147
578,1,970,8 51 72 107
579,1,2675,22 96 137 209
580,1,4603,338 86 511 230
581,1,1874,5 160 100 247
582,1,1202,63 56 121 130
583,1,2691,167 162 265 287
584,1,2177,78 56 176 163
585,1,1853,212 270 297 370
586,1,4594,127 40 282 209
587,0,0,0 0 0 0
588,1,6392,168 72 364 265
589,1,933,29 26 91 75
590,1,4304,416 206 582 341
591,1,1269,155 110 231 179
592,1,5408,363 149 554 317
593,0,0,0 0 0 0
594,1,3594,331 121 464 264
595,0,0,0 0 0 0
596,1,1710,253 233 344 317
597,1,3938,287 122 444 241
598,0,0,0 0 0 0
599,1,1223,172 41 238 115
600,0,0,0 0 0 0
601,1,1048,6 55 67 117
602,1,1460,102 105 177 184
603,1,4251,24 193 184 337
604,1,3894,108 211 230 369
605,1,1977,248 102 350 185
606,1,2804,87 134 187 262
607,1,5205,428 95 571 283
608,1,3133,247 200 352 338
609,1,2846,137 59 235 188
610,1,1708,75 90 153 184
611,1,2353,45 246 158 338
612,0,0,0 0 0 0
613,1,1695,7 59 98 136
614,1,916,5 59 65 106
615,1,1980,189 215 291 305
616,1,1287,35 63 112 132
617,1,1299,210 16 269 93
618,1,3807,389 48 521 203
619,1,1693,284 7 369 92
620,1,6406,103 150 287 350
621,1,2258,180 190 278 303
622,1,4426,4 216 171 362
623,1,2519,47 244 147 364
624,1,2947,150 104 274 222
625,0,0,0 0 0 0
626,1,1723,334 258 426 338
627,0,0,0 0 0 0
628,0,0,0 0 0 0
629,1,1128,249 523 312 593
630,0,0,0 0 0 0
631,1,1377,318 118 380 199
632,1,1240,148 95 208 170
633,1,1133,195 90 262 153
634,1,2438,293 212 408 317
635,1,1273,75 125 144 199
636,1,2520,228 78 344 184
637,1,1007,13 14 71 77
638,1,1469,187 22 265 100
639,1,1163,187 91 260 154
640,1,3535,364 65 496 207
641,1,3599,217 144 350 289
642,1,4402,45 170 207 318
643,1,1273,39 65 115 131
644,1,3260,489 296 611 437
645,1,1988,249 115 344 209
646,1,3832,217 194 345 348
647,0,0,0 0 0 0
648,1,3443,202 149 329 294
649,1,1224,13 178 88 237
650,1,3603,262 122 410 240
651,1,3535,43 89 191 212
652,1,2588,119 41 240 132
653,1,2111,366 194 467 288
654,1,4508,57 239 213 397
655,0,0,0 0 0 0
656,1,982,40 42 98 104
657,1,2367,1 494 101 603
658,1,1110,65 14 119 85
659,1,1679,306 137 393 220
660,1,1168,219 36 285 104
661,0,0,0 0 0 0
662,1,4855,434 245 578 424
663,0,0,0 0 0 0
664,1,2419,222 41 338 133
665,1,2248,50 230 162 325
666,1,1131,148 286 207 356
667,1,2105,118 261 205 369
668,1,3906,322 21 446 178
669,1,1890,372 89 468 178
670,1,2497,379 147 479 266
671,0,0,0 0 0 0
672,1,4207,163 38 294 203
673,1,3374,185 115 324 243
674,1,1477,178 51 263 125
675,1,2113,322 250 415 351
676,1,1035,20 28 82 89
677,1,2725,254 103 369 220
678,1,1136,494 30 564 93
679,0,0,0 0 0 0
680,1,5141,274 170 456 330
681,1,2238,34 137 144 223
682,1,3461,324 129 452 274
683,1,5745,92 155 248 354
684,1,1466,207 61 284 138
685,1,4922,73 412 245 570
686,0,0,0 0 0 0
687,1,1135,65 273 126 344
688,0,0,0 0 0 0
689,1,3029,163 161 297 268
690,1,5106,412 54 595 208
691,1,1897,181 104 270 200
692,0,0,0 0 0 0
693,1,1157,50 53 123 108
694,1,1340,78 117 157 181
695,1,4156,442 173 587 328
696,1,1212,87 67 150 141
697,1,4267,359 28 511 180
698,0,0,0 0 0 0
699,1,3416,237 37 380 165
700,1,2708,177 12 277 138
701,1,3086,148 295 266 431
702,1,5645,150 112 344 276
703,1,1294,21 50 97 114
704,0,0,0 0 0 0
705,1,2177,157 73 262 170
706,1,3071,227 48 363 162
707,1,2941,490 294 620 411
708,1,2802,502 180 630 290
709,1,1617,254 193 331 277
710,1,958,26 32 89 81
711,1,1722,148 69 225 164
712,1,2731,68 363 193 461
713,1,3120,36 139 163 264
714,1,1277,34 76 100 154
715,1,3455,203 229 349 345
716,1,4855,288 70 442 249
717,1,5653,49 23 224 208
718,1,5138,368 129 554 270
719,1,2138,79 108 182 202
720,1,5175,225 118 388 295
721,1,2408,214 300 317 410
722,1,2942,156 82 260 214
723,1,1746,410 79 485 173
724,0,0,0 0 0 0
725,1,4138,291 67 454 194
726,1,2144,83 72 191 154
727,0,0,0 0 0 0
728,0,0,0 0 0 0
729,1,1086,44 23 113 76
730,1,2067,257 256 362 350
731,1,1325,402 265 471 344
732,1,892,41 31 95 89
733,1,1593,324 229 404 312
734,1,1377,13 137 93 201
735,1,4908,107 44 288 190
736,1,1266,278 26 346 101
737,1,1613,181 389 268 469
738,0,0,0 0 0 0
739,1,1339,14 18 89 88
740,1,1325,57 126 124 203
741,1,5255,48 212 235 364
742,1,1088,40 60 109 116
743,1,3016,361 130 484 253
744,1,1967,172 152 272 244
745,1,1803,109 113 197 202
746,1,2871,387 137 509 253
747,1,3528,223 409 358 545
748,1,1082,37 26 93 95
749,1,5063,348 56 532 194
750,1,1144,12 26 77 94
751,1,4661,175 282 345 433
752,1,3589,387 160 536 283
753,1,1461,287 37 353 121
754,1,1472,359 68 431 153
755,0,0,0 0 0 0
756,1,1277,144 154 216 225
757,1,3544,250 206 365 354
758,1,1562,12 227 99 306
759,1,1806,123 245 213 332
760,1,1233,47 146 109 221
761,1,1918,73 181 162 279
762,0,0,0 0 0 0
763,1,4378,57 199 224 339
764,0,0,0 0 0 0
765,1,5577,448 230 626 409
766,1,3350,76 93 208 223
767,0,0,0 0 0 0
768,1,1250,31 148 97 223
769,1,4813,83 33 252 188
770,1,6330,31 270 212 474
771,0,0,0 0 0 0
772,1,1857,150 25 228 124
773,1,4004,366 107 525 233
774,1,3674,91 82 242 204
775,1,3192,118 37 257 158
776,1,2501,244 202 361 302
777,1,4183,297 215 460 340
778,1,4244,237 235 400 383
779,1,1506,159 161 245 236
780,1,1572,109 221 197 294
781,1,928,21 15 83 66
782,1,3046,129 142 260 257
783,1,1064,34 14 95 79
784,1,1705,74 85 154 172
785,1,1413,14 36 96 100
786,0,0,0 0 0 0
787,1,1386,392 515 473 585
788,1,4288,114 148 240 315
789,1,1288,83 44 149 122
790,1,3852,296 70 433 219
791,1,1668,550 27 624 119
792,1,779,58 23 113 67
793,1,4378,141 237 293 394
794,1,1970,120 91 222 173
795,1,1010,15 30 79 88
796,1,3589,131 285 265 430
797,0,0,0 0 0 0
798,1,5090,261 70 445 216
799,0,0,0 0 0 0
800,1,1322,82 96 161 159
801,1,2532,258 58 373 164
802,1,3875,202 185 323 341
803,1,3517,91 96 239 218
804,1,4208,39 75 202 209
805,1,2505,380 177 485 291
806,0,0,0 0 0 0
807,1,2133,287 84 384 184
808,1,4000,77 217 236 340
809,1,930,39 48 98 103
810,1,3738,158 74 278 227
811,1,879,6 16 66 64
812,1,4593,173 62 328 229
813,0,0,0 0 0 0
814,1,978,14 38 78 93
815,0,0,0 0 0 0
816,1,1123,39 203 108 264
817,1,1674,316 160 388 252
818,1,1272,485 25 544 102
819,1,1606,299 299 371 387
820,1,1238,28 66 102 130
821,1,3679,26 48 157 195
822,0,0,0 0 0 0
823,1,3020,308 218 419 353
824,1,2983,187 7 305 133
825,1,2977,337 61 448 194
826,1,1145,95 13 153 84
827,1,1179,71 32 144 92
828,1,1451,191 277 274 340
829,1,3645,179 167 312 316
830,1,7637,226 8 448 212
831,1,5192,133 141 304 313
832,1,2395,414 88 530 185
833,1,1498,516 266 600 331
834,1,4069,41 201 202 323
835,1,2659,354 159 461 283
836,1,1403,136 53 217 116
837,1,1900,140 140 235 229
838,1,1419,456 295 532 371
839,1,1733,428 129 506 223
840,1,2209,188 68 299 156
841,1,3914,291 107 431 261
842,0,0,0 0 0 0
843,1,3009,96 265 230 377
844,1,6281,148 133 328 338
845,1,1255,238 243 313 302
846,1,1184,32 44 88 117
847,1,4934,173 58 334 230
848,0,0,0 0 0 0
849,1,4182,101 95 264 227
850,0,0,0 0 0 0
851,1,2128,134 122 228 229
852,0,0,0 0 0 0
853,1,1068,26 12 81 80
854,0,0,0 0 0 0
855,1,2528,54 150 151 270
856,1,2813,169 154 270 283
857,0,0,0 0 0 0
858,1,2868,113 130 217 259
859,1,2851,41 142 170 242
860,1,3109,156 298 292 409
861,0,0,0 0 0 0
862,1,1470,534 335 606 420
863,1,3333,85 336 201 478
864,1,1757,338 106 433 190
865,1,4227,452 34 587 200
866,0,0,0 0 0 0
867,0,0,0 0 0 0
868,1,1940,29 175 119 274
869,1,2069,295 239 386 345
870,1,1413,115 45 198 116
871,1,2249,275 148 368 258
872,1,1334,69 17 149 83
873,1,3749,301 130 432 283
874,1,1234,22 157 96 220
875,1,1933,494 42 577 143
876,1,1294,25 112 94 188
877,1,2817,412 337 541 447
878,0,0,0 0 0 0
879,1,1556,174 69 261 138
880,0,0,0 0 0 0
881,1,1205,28 181 88 255
882,0,0,0 0 0 0
883,1,4151,75 110 221 269
884,0,0,0 0 0 0
885,1,2381,87 163 202 250
886,1,3852,40 120 175 267
887,1,2124,186 145 272 252
888,1,1880,126 191 211 290
889,1,1066,30 40 97 102
890,1,3356,295 207 421 349
891,0,0,0 0 0 0
892,1,2359,121 145 235 235
893,1,1168,171 102 243 161
894,1,2873,21 326 142 443
895,1,3767,127 255 258 407
896,1,2789,256 34 352 162
897,1,3228,211 44 351 157
898,1,1334,36 23 114 83
899,0,0,0 0 0 0
900,0,0,0 0 0 0
901,1,1719,261 73 344 166
902,0,0,0 0 0 0
903,1,1597,52 110 141 181
904,1,3509,50 129 198 250
905,1,1713,85 700 179 779
906,1,1311,103 97 178 167
907,1,1630,47 91 121 182
908,1,2185,405 186 503 289
909,1,4244,151 99 294 260
910,1,2027,82 458 173 562
911,1,3141,125 138 261 248
912,1,2939,150 187 268 314
913,1,3114,135 123 242 260
914,1,1188,110 255 176 325
915,1,1259,293 224 352 300
916,1,2583,323 159 444 254
917,0,0,0 0 0 0
918,0,0,0 0 0 0
919,1,4552,88 36 238 199
920,1,1152,540 136 611 199
921,0,0,0 0 0 0
922,1,828,47 23 105 70
923,0,0,0 0 0 0
924,1,2218,135 60 245 144
925,0,0,0 0 0 0
926,1,1532,21 277 105 354
927,1,1721,320 208 403 301
928,1,848,33 41 85 97
929,1,1115,163 71 234 130
930,0,0,0 0 0 0
931,0,0,0 0 0 0
932,1,4915,138 17 283 199
933,1,2043,108 51 211 144
934,1,2040,349 366 453 445
935,0,0,0 0 0 0
936,1,1725,256 117 340 205
937,1,938,41 15 97 76
938,1,5686,184 194 381 344
939,0,0,0 0 0 0
940,1,1712,197 75 277 169
941,1,1200,92 16 166 78
942,0,0,0 0 0 0
943,1,1231,48 79 115 153
944,1,896,28 44 88 98
945,1,1076,33 45 99 106
946,1,1639,50 97 125 187
947,1,1628,248 163 336 241
948,1,908,34 29 94 77
949,1,2371,487 285 586 398
950,1,2021,102 238 206 320
951,1,1467,58 115 140 191
952,1,1160,23 66 80 139
953,1,1209,12 167 82 233
954,1,2706,154 93 279 194
955,1,1367,266 260 346 328
956,1,1042,45 84 103 148
957,1,3432,66 216 212 342
958,1,1545,9 64 96 130
959,1,1321,73 219 151 284
960,1,3925,283 189 411 347
961,1,2572,85 238 193 357
962,1,1735,273 30 368 111
963,0,0,0 0 0 0
964,0,0,0 0 0 0
965,1,898,54 20 112 74
966,1,2218,318 165 417 267
967,0,0,0 0 0 0
968,0,0,0 0 0 0
969,1,2108,139 219 234 324
970,0,0,0 0 0 0
971,1,1694,221 353 304 444
972,1,1548,68 51 156 125
973,1,3667,505 81 629 232
974,0,0,0 0 0 0
975,1,3968,145 174 271 333
976,0,0,0 0 0 0
977,1,788,6 38 60 88
978,0,0,0 0 0 0
979,1,1682,62 41 148 120
980,1,2137,78 89 168 195
981,0,0,0 0 0 0
982,1,2426,90 139 205 238
983,1,4544,304 36 472 184
984,1,1184,107 50 169 125
985,1,3072,303 82 429 205
986,1,2553,271 132 363 253
987,1,1302,119 77 195 144
988,0,0,0 0 0 0
989,0,0,0 0 0 0
990,0,0,0 0 0 0
991,1,1497,79 204 155 285
992,0,0,0 0 0 0
993,1,3660,119 210 269 332
994,0,0,0 0 0 0
995,1,2326,332 543 444 637
996,0,0,0 0 0 0
997,1,1894,105 104 203 193
998,1,1268,242 51 318 111
999,1,2703,81 167 204 274
1000,1,2720,283 246 408 357
1001,1,1378,211 176 279 257
1002,1,1719,80 61 157 155
1003,1,1406,123 52 193 133
1004,1,1154,48 99 105 170
1005,1,3272,179 195 299 336
1006,1,5856,169 169 357 349
1007,0,0,0 0 0 0
1008,1,3296,64 50 205 159
1009,1,1043,22 31 81 94
1010,1,2582,94 231 202 351
1011,1,1804,252 136 325 232
1012,1,1181,272 335 332 408
1013,0,0,0 0 0 0
1014,1,2028,94 121 188 219
1015,1,6409,354 216 564 394
1016,1,1223,85 169 152 240
1017,1,1021,7 27 70 85
1018,1,3290,201 67 309 209
1019,1,2425,287 178 385 293
1020,1,1354,55 164 134 226
1021,1,2541,324 127 431 245
1022,1,2719,40 201 162 313
1023,1,2702,1 332 120 442
1024,1,842,47 11 92 69
1025,1,1837,270 204 348 301
1026,1,1957,444 247 533 349
1027,1,5616,234 229 397 423
1028,1,1899,357 280 441 380
1029,1,1540,206 107 293 180
1030,0,0,0 0 0 0
1031,1,1810,46 204 125 301
1032,1,931,52 21 114 77
1033,0,0,0 0 0 0
1034,0,0,0 0 0 0
1035,1,1400,388 12 462 89
1036,1,1016,12 3 78 58
1037,1,2093,161 305 256 406
1038,1,2904,258 390 369 521
1039,1,1154,105 61 175 126
1040,1,1647,2 72 91 150
1041,1,4941,105 190 281 347
1042,1,3960,261 120 420 240
1043,0,0,0 0 0 0
1044,1,1268,95 77 161 149
1045,0,0,0 0 0 0
1046,1,1314,29 25 109 94
1047,1,1002,26 37 84 99
1048,1,1663,79 28 163 112
1049,0,0,0 0 0 0
1050,1,4062,76 26 220 184
1051,1,3572,136 230 283 354
1052,0,0,0 0 0 0
1053,1,1625,227 182 316 262
1054,1,4727,442 179 616 337
1055,1,2947,230 216 363 317
1056,1,1559,41 92 128 170
1057,0,0,0 0 0 0
1058,1,3154,286 99 402 238
1059,1,1109,91 184 161 239
1060,1,1182,26 52 98 117
1061,1,1365,26 0 102 70
1062,1,1124,120 28 190 91
1063,1,2050,342 214 434 318
1064,1,2502,87 82 194 197
1065,0,0,0 0 0 0
1066,0,0,0 0 0 0
1067,1,2651,138 133 255 243
1068,1,1353,142 7 218 77
1069,0,0,0 0 0 0
1070,1,1385,39 25 116 98
1071,1,983,66 17 124 82
1072,0,0,0 0 0 0
1073,1,3433,302 323 448 449
1074,0,0,0 0 0 0
1075,1,2120,280 84 372 188
1076,1,2812,87 32 195 161
1077,1,3438,123 119 267 248
1078,1,1223,255 34 319 103
1079,1,1313,89 135 167 199
1080,1,1494,336 201 406 287
1081,1,2327,186 184 287 295
1082,1,1252,10 198 80 267
1083,1,1055,28 43 86 110
1084,1,3705,300 183 421 336
1085,1,1143,32 17 94 88
1086,0,0,0 0 0 0
1087,1,4258,437 221 593 368
1088,1,3035,100 148 220 280
1089,1,2561,26 38 140 143
1090,1,2772,63 147 186 261
1091,1,4479,24 213 195 350
1092,1,2235,318 300 420 401
1093,1,1529,7 124 86 205
1094,1,3274,267 233 407 342
1095,1,2753,88 525 197 644
1096,1,1337,138 2 216 70
1097,1,2277,159 317 256 429
1098,1,6854,46 206 247 410
1099,1,1483,21 273 101 349
1100,0,0,0 0 0 0
1101,1,1461,74 165 152 240
1102,1,1782,300 357 395 430
1103,1,1324,182 105 245 184
1104,1,7132,42 103 245 315
1105,1,1593,86 230 168 312
1106,1,6406,110 156 314 341
1107,1,3157,88 233 222 356
1108,1,1348,27 105 104 177
1109,1,3620,38 156 170 305
1110,1,1069,54 5 114 69
1111,1,1268,269 109 346 175
1112,1,1340,348 407 427 467
1113,1,1457,39 93 105 177
1114,1,3894,326 273 446 430
1115,1,3437,195 356 330 487
1116,0,0,0 0 0 0
1117,1,905,53 49 110 102
1118,1,1088,44 44 112 103
1119,1,1257,50 16 118 89
1120,1,1638,154 82 236 165
1121,1,3913,331 47 463 203
1122,1,1226,162 84 235 151
1123,1,2003,31 37 124 134
1124,0,0,0 0 0 0
1125,1,1346,234 117 306 195
1126,1,3049,233 238 346 371
1127,1,4466,309 109 438 280
1128,1,2878,85 170 197 299
1129,0,0,0 0 0 0
1130,1,3640,219 20 335 171
1131,0,0,0 0 0 0
1132,1,3504,417 213 532 359
1133,1,1667,487 302 579 372
1134,0,0,0 0 0 0
1135,1,1577,252 187 339 256
1136,1,1309,39 31 109 107
1137,1,1568,423 203 490 292
1138,1,1212,62 74 136 138
1139,0,0,0 0 0 0
1140,0,0,0 0 0 0
1141,1,1439,191 106 270 179
1142,1,1171,145 95 214 160
1143,1,1687,88 28 168 115
1144,1,923,44 12 97 74
1145,1,1999,357 145 452 238
1146,1,2042,199 186 301 280
1147,0,0,0 0 0 0
1148,1,1071,31 42 96 103
1149,1,664,74 33 113 83
1150,1,8009,33 130 270 337
1151,1,952,3 22 65 71
1152,1,4790,290 127 459 283
1153,1,1098,39 13 106 74
1154,0,0,0 0 0 0
1155,1,1351,35 361 104 439
1156,1,1867,113 289 201 387
1157,1,944,88 47 143 109
1158,1,1548,65 259 142 345
1159,1,801,57 10 113 54
1160,1,3575,309 228 458 351
1161,0,0,0 0 0 0
1162,1,1305,200 151 264 228
1163,1,1268,106 233 181 291
1164,1,1055,12 16 68 84
1165,0,0,0 0 0 0
1166,1,1325,21 107 97 175
1167,0,0,0 0 0 0
1168,1,1136,334 87 405 141
1169,0,0,0 0 0 0
1170,1,2140,354 248 450 353
1171,1,4493,100 214 267 360
1172,1,1234,187 281 258 348
1173,1,1398,53 8 116 90
1174,1,1725,178 14 257 106
1175,1,1106,25 23 86 93
1176,1,1065,13 32 81 93
1177,1,2871,226 67 356 172
1178,1,3930,75 206 211 359
1179,1,2290,123 137 223 244
1180,1,2512,355 63 454 181
1181,1,947,42 43 93 105
1182,1,989,67 51 122 114
1183,1,855,8 63 67 115
1184,1,2167,36 137 133 240
1185,1,1835,420 106 507 202
1186,1,1697,326 89 417 168
1187,1,5822,93 464 267 654
1188,1,1194,212 27 286 88
1189,1,3101,324 147 434 283
1190,1,2425,330 249 433 365
1191,1,3811,36 80 183 217
1192,1,1422,395 200 459 282
1193,1,4293,183 61 340 205
1194,1,1084,19 17 79 82
1195,1,1266,124 119 195 185
1196,1,3260,362 19 489 150
1197,0,0,0 0 0 0
1198,1,3980,224 94 366 246
1199,0,0,0 0 0 0
1200,0,0,0 0 0 0
1201,1,1162,248 24 320 84
1202,1,3356,58 121 181 265
1203,0,0,0 0 0 0
1204,1,2361,374 205 477 315
1205,1,3814,309 145 438 301
1206,1,5173,282 27 437 212
1207,1,1285,31 187 91 264
1208,1,3278,149 266 272 408
1209,0,0,0 0 0 0
1210,1,2024,25 97 129 178
1211,1,1921,61 76 160 154
1212,1,1613,537 290 626 361
1213,1,1261,58 75 133 143
1214,0,0,0 0 0 0
1215,1,3095,33 158 165 280
1216,1,950,8 61 70 109
1217,0,0,0 0 0 0
1218,1,2169,74 58 166 167
1219,0,0,0 0 0 0
1220,1,3495,149 271 290 402
1221,1,1179,92 148 164 208
1222,1,2318,156 85 267 186
1223,0,0,0 0 0 0
1224,1,984,46 31 108 89
1225,1,1123,82 74 137 144
1226,1,2760,249 148 367 262
1227,1,1429,83 143 162 216
1228,1,2954,236 34 366 136
1229,1,1480,52 374 136 450
1230,1,5661,147 240 344 396
1231,1,2550,279 124 399 218
1232,1,1166,157 271 230 335
1233,1,2012,31 193 116 297
1234,0,0,0 0 0 0
1235,0,0,0 0 0 0
1236,1,4284,440 282 603 424
1237,1,2161,512 319 609 422
1238,1,4444,50 183 211 331
1239,1,3264,373 93 498 227
1240,1,1553,70 89 158 161
1241,1,6592,266 122 466 316
1242,1,1993,170 312 273 399
1243,1,1540,206 100 292 166
1244,1,2221,152 235 250 339
1245,1,4492,190 218 362 363
1246,1,1189,149 18 215 87
1247,1,3657,197 16 333 157
1248,1,3157,214 214 344 336
1249,1,943,36 23 92 86
1250,1,1987,392 152 495 234
1251,1,2074,240 188 346 279
1252,1,1206,87 32 161 91
1253,1,1633,117 115 190 206
1254,1,2533,29 246 144 352
1255,1,4341,246 99 412 248
1256,1,2468,150 191 247 310
1257,1,5169,318 95 480 271
1258,1,1189,170 74 227 147
1259,1,1206,40 59 104 133
1260,1,1480,85 71 166 145
1261,1,2631,60 131 183 241
1262,1,3406,69 208 206 334
1263,0,0,0 0 0 0
1264,1,5185,395 190 561 368
1265,1,1111,40 12 103 80
1266,0,0,0 0 0 0
1267,1,4236,182 329 346 457
1268,1,634,40 20 88 59
1269,1,4450,55 175 207 343
1270,1,5489,262 35 438 213
1271,1,1224,65 200 124 275
1272,1,2277,229 38 340 125
1273,0,0,0 0 0 0
1274,1,884,8 51 68 104
1275,1,1093,24 34 92 92
1276,1,1245,24 91 91 165
1277,1,5773,192 355 390 508
1278,1,923,38 19 99 69
1279,1,2986,235 98 338 231
1280,0,0,0 0 0 0
1281,1,2473,284 324 385 440
1282,1,1549,52 58 130 140
1283,1,3483,60 26 188 167
1284,1,1938,81 43 159 144
1285,1,3177,119 211 225 349
1286,1,1542,44 121 130 198
1287,1,864,68 59 116 118
1288,0,0,0 0 0 0
1289,1,3493,210 65 356 194
1290,0,0,0 0 0 0
1291,1,1188,191 82 260 148
1292,1,6763,266 23 482 207
1293,1,3941,176 26 331 158
1294,0,0,0 0 0 0
1295,1,1269,207 310 268 386
1296,1,2386,213 174 316 283
1297,1,2367,361 71 474 163
1298,0,0,0 0 0 0
1299,1,1305,100 88 160 166
1300,1,1113,64 108 119 178
1301,0,0,0 0 0 0
1302,0,0,0 0 0 0
1303,1,4843,104 40 260 219
1304,1,932,9 22 61 83
1305,1,2358,218 188 307 304
1306,1,1682,61 142 152 219
1307,1,972,17 29 67 92
1308,1,3245,136 53 277 176
1309,1,1141,141 210 211 271
1310,0,0,0 0 0 0
1311,1,2196,10 30 109 132
1312,1,1566,83 99 166 177
1313,0,0,0 0 0 0
1314,1,1339,237 295 313 366
1315,1,2104,27 126 124 225
1316,1,2274,195 21 306 107
1317,1,3483,66 54 176 201
1318,0,0,0 0 0 0
1319,1,1127,80 175 138 246
1320,1,1720,9 349 95 434
1321,1,2453,445 104 546 220
1322,1,5172,296 98 483 261
1323,0,0,0 0 0 0
1324,1,2422,470 274 574 384
1325,0,0,0 0 0 0
1326,1,3908,108 125 249 272
1327,1,1390,15 105 88 182
1328,1,1450,87 115 163 193
1329,1,4433,292 220 461 371
1330,1,1023,55 19 117 78
1331,1,2299,276 185 379 289
1332,1,5075,152 271 337 426
1333,1,7503,135 41 344 259
1334,1,3982,124 217 252 377
1335,1,2453,192 177 291 293
1336,1,1233,138 90 212 148
1337,1,2042,369 165 465 261
1338,0,0,0 0 0 0
1339,1,4157,203 67 348 220
1340,1,1349,49 429 125 499
1341,1,1638,187 16 277 91
1342,0,0,0 0 0 0
1343,1,2405,283 40 396 144
1344,1,1427,229 133 312 203
1345,1,1151,182 62 241 134
1346,1,4277,219 165 386 304
1347,0,0,0 0 0 0
1348,0,0,0 0 0 0
1349,1,3039,341 119 454 253
1350,1,1063,37 19 104 78
1351,1,1469,129 208 197 293
1352,1,775,11 25 66 71
1353,1,5643,185 220 380 375
1354,1,1076,11 33 73 96
1355,1,2873,11 188 141 293
1356,1,1890,114 144 190 244
1357,0,0,0 0 0 0
1358,1,2635,190 238 309 348
1359,0,0,0 0 0 0
1360,0,0,0 0 0 0
1361,1,1539,31 82 107 165
1362,0,0,0 0 0 0
1363,1,1245,252 212 319 284
1364,1,3862,191 221 329 369
1365,0,0,0 0 0 0
1366,1,2407,37 70 153 163
1367,1,1557,203 152 274 240
1368,1,2414,286 154 393 260
1369,1,1074,56 0 116 66
1370,1,2281,65 279 178 372
1371,1,1407,194 192 259 274
1372,1,1141,211 76 265 148
1373,1,2596,338 52 442 174
1374,1,2831,139 217 267 317
1375,1,2631,19 76 142 183
1376,1,1002,34 19 95 77
1377,1,2844,277 121 389 249
1378,1,1538,79 187 166 259
1379,1,2025,102 85 187 188
1380,1,980,51 34 114 90
1381,0,0,0 0 0 0
1382,1,1411,338 131 418 205
1383,1,3182,46 333 181 453
1384,0,0,0 0 0 0
1385,1,1627,95 123 185 192
1386,0,0,0 0 0 0
1387,0,0,0 0 0 0
1388,1,1172,113 224 169 296
1389,1,755,6 91 52 142
1390,1,1475,455 196 529 277
1391,1,2051,94 33 180 139
1392,1,1709,18 382 111 458
1393,1,1120,90 20 161 81
1394,1,5445,23 13 190 200
1395,1,3601,307 122 455 238
1396,1,3586,451 209 580 350
1397,1,1323,143 123 210 199
1398,1,3556,129 83 278 209
1399,1,1200,137 106 201 180
1400,1,2004,108 49 200 145
1401,1,2111,303 45 392 152
1402,1,5200,304 24 476 195
1403,1,1516,165 81 241 167
1404,1,2450,39 120 140 234
1405,1,838,23 30 81 82
1406,0,0,0 0 0 0
1407,1,2604,203 22 322 131
1408,1,1163,90 140 148 212
1409,1,4753,209 146 383 297
1410,1,1322,101 47 163 126
1411,1,2057,143 79 237 180
1412,0,0,0 0 0 0
1413,1,1186,51 207 114 281
1414,0,0,0 0 0 0
1415,0,0,0 0 0 0
1416,1,1748,168 137 252 231
1417,1,3277,74 241 193 381
1418,1,2821,300 231 407 360
1419,1,1151,495 339 566 404
1420,0,0,0 0 0 0
1421,1,1080,34 14 94 81
1422,1,1055,60 2 125 61
1423,0,0,0 0 0 0
1424,1,1186,102 32 165 106
1425,1,3862,316 187 456 333
1426,0,0,0 0 0 0
1427,1,2074,108 51 189 157
1428,1,4563,17 142 167 310
1429,1,2294,217 142 330 234
1430,0,0,0 0 0 0
1431,1,2293,335 132 429 246
1432,1,3364,53 326 188 454
1433,1,2177,396 18 498 116
1434,1,1626,518 198 587 289
1435,0,0,0 0 0 0
1436,1,1330,329 286 397 360
1437,1,2893,182 105 312 220
1438,0,0,0 0 0 0
1439,1,4701,448 191 614 347
1440,1,1151,14 137 78 206
1441,1,1364,20 48 93 123
1442,1,1018,37 11 95 76
1443,1,1813,144 254 235 341
1444,1,4118,298 171 460 293
1445,1,1248,141 96 217 156
1446,1,3510,126 111 257 250
1447,1,3612,266 239 399 386
1448,1,2486,307 214 405 333
1449,1,5110,252 102 436 246
1450,1,2566,160 260 280 356
1451,1,1144,82 80 145 148
1452,1,2520,276 156 384 267
1453,1,1851,37 65 137 151
1454,1,2904,177 179 308 288
1455,1,1963,94 9 182 104
1456,1,1224,58 153 124 226
1457,1,936,5 92 64 146
1458,1,2973,303 14 429 130
1459,1,1139,63 73 133 126
1460,1,1286,70 24 134 101
1461,1,4864,45 90 216 247
1462,1,3320,321 124 446 266
1463,1,2652,30 133 140 255
1464,1,4463,239 51 410 200
1465,1,3777,122 271 260 419
1466,1,1530,249 143 325 230
1467,1,1163,331 167 390 239
1468,0,0,0 0 0 0
1469,1,1282,113 75 187 142
1470,0,0,0 0 0 0
1471,1,1607,81 328 163 410
1472,1,1130,108 13 179 70
1473,1,2658,354 119 462 237
1474,1,4744,259 8 417 173
1475,1,2543,89 352 210 453
1476,1,841,54 61 101 120
1477,1,2455,145 284 262 379
1478,1,1191,246 295 318 361
1479,1,1413,87 190 169 258
1480,0,0,0 0 0 0
1481,1,3790,43 104 180 257
1482,1,2320,239 313 326 426
1483,1,2497,97 146 216 251
1484,1,2460,133 326 238 438
1485,1,2113,313 73 419 157
1486,0,0,0 0 0 0
1487,0,0,0 0 0 0
1488,1,2549,159 162 272 269
1489,1,1431,74 175 142 259
1490,1,2727,29 109 154 211
1491,1,1796,419 250 508 336
1492,0,0,0 0 0 0
1493,0,0,0 0 0 0
1494,1,4526,57 189 206 361
1495,1,1864,183 261 281 339
1496,0,0,0 0 0 0
1497,1,2498,365 473 464 591
1498,1,1164,19 49 91 114
1499,1,1302,76 184 145 259
1500,1,1166,45 189 117 247
1501,1,954,65 57 121 117
1502,1,2440,109 286 213 400
1503,1,939,26 51 88 101
1504,0,0,0 0 0 0
1505,1,5870,359 46 537 235
1506,1,933,28 48 89 104
1507,1,4623,46 245 221 385
1508,1,1163,34 36 102 101
1509,0,0,0 0 0 0
1510,1,932,55 18 118 72
1511,1,3350,250 201 381 333
1512,1,1143,47 36 118 95
1513,1,1596,204 321 275 410
1514,1,5640,277 287 459 466
1515,0,0,0 0 0 0
1516,1,3666,47 172 197 297
1517,1,2788,482 93 610 200
1518,1,1248,301 231 369 306
1519,1,1235,193 102 268 165
1520,1,3559,153 243 299 368
1521,1,1292,256 55 321 134
1522,1,1859,18 21 116 102
1523,1,3672,130 102 275 237
1524,1,2188,114 103 224 198
1525,0,0,0 0 0 0
1526,1,3855,53 188 208 315
1527,1,4621,9 176 160 344
1528,1,1516,206 144 282 230
1529,1,1473,71 88 155 155
1530,1,2056,107 4 201 105
1531,1,2753,169 175 296 281
1532,0,0,0 0 0 0
1533,0,0,0 0 0 0
1534,1,1015,27 30 93 86
1535,1,1000,7 45 70 104
1536,0,0,0 0 0 0
1537,1,1374,68 179 147 248
1538,1,3762,10 190 154 329
1539,1,3641,53 268 186 417
1540,1,1156,58 111 130 166
1541,1,1142,15 78 76 150
1542,1,4480,51 46 198 212
1543,1,1478,84 77 168 142
1544,1,1548,128 102 200 189
1545,1,3439,221 111 362 240
1546,1,2956,115 66 233 196
1547,0,0,0 0 0 0
1548,1,1233,24 65 86 141
1549,1,1441,78 173 149 255
1550,1,898,16 90 77 143
1551,1,1470,38 279 111 364
1552,1,3402,111 141 221 285
1553,1,1153,133 49 205 110
1554,1,1285,80 152 146 230
1555,1,1251,153 18 229 79
1556,1,1838,307 210 389 307
1557,1,2581,44 35 141 157
1558,0,0,0 0 0 0
1559,1,1178,110 64 169 137
1560,0,0,0 0 0 0
1561,1,3088,323 227 460 344
1562,1,3372,307 47 435 188
1563,0,0,0 0 0 0
1564,1,1114,536 225 607 287
1565,0,0,0 0 0 0
1566,1,2619,201 85 323 191
1567,1,2984,22 35 155 144
1568,0,0,0 0 0 0
1569,1,1134,57 155 127 219
1570,1,5798,4 267 199 437
1571,1,1254,69 30 135 101
1572,1,1098,85 75 151 138
1573,1,1071,13 42 81 102
1574,1,3476,392 115 507 261
1575,0,0,0 0 0 0
1576,1,1871,109 247 188 346
1577,1,3695,97 221 225 374
1578,1,1071,38 30 94 99
1579,0,0,0 0 0 0
1580,1,1061,73 74 140 127
1581,1,819,14 11 69 62
1582,1,4007,190 188 349 310
1583,1,1121,135 20 190 90
1584,0,0,0 0 0 0
1585,1,1670,382 275 473 352
1586,1,1381,127 56 193 137
1587,1,1078,63 30 117 98
1588,1,1628,170 282 259 363
1589,1,3522,64 164 191 309
1590,1,1089,56 175 116 240
1591,1,2922,40 113 157 237
1592,1,1350,316 247 395 314
1593,1,1195,110 226 180 291
1594,0,0,0 0 0 0
1595,0,0,0 0 0 0
1596,1,3167,32 149 145 288
1597,1,2019,346 51 431 155
1598,0,0,0 0 0 0
1599,1,2874,257 40 381 154
1600,1,1529,108 98 182 179
1601,1,1937,414 277 514 360
1602,0,0,0 0 0 0
1603,1,2272,375 87 480 184
1604,1,1976,284 194 380 286
1605,1,1183,104 138 167 212
1606,1,2620,135 320 232 443
1607,0,0,0 0 0 0
1608,1,2264,443 235 552 335
1609,0,0,0 0 0 0
1610,1,2452,44 134 161 239
1611,0,0,0 0 0 0
1612,1,1165,78 131 145 197
1613,1,5501,325 99 512 267
1614,1,1741,299 133 376 227
1615,1,1080,47 44 108 109
1616,1,1146,51 44 115 113
1617,0,0,0 0 0 0
1618,1,2661,41 220 164 315
1619,1,931,13 43 75 93
1620,0,0,0 0 0 0
1621,1,2958,217 93 341 211
1622,1,1037,37 21 101 79
1623,0,0,0 0 0 0
1624,1,3399,169 280 306 408
1625,1,1161,57 188 121 257
1626,1,1139,50 10 121 73
1627,1,1387,139 240 206 322
1628,1,3129,45 109 169 236
1629,1,4994,20 48 191 210
1630,1,1275,98 78 174 140
1631,0,0,0 0 0 0
1632,1,3993,202 112 357 255
1633,1,940,40 49 94 112
1634,1,1816,8 41 91 132
1635,0,0,0 0 0 0
1636,0,0,0 0 0 0
1637,0,0,0 0 0 0
1638,1,1162,543 123 614 188
1639,1,3190,142 215 249 353
1640,1,2292,249 89 358 186
1641,1,2173,238 139 345 232
1642,0,0,0 0 0 0
1643,0,0,0 0 0 0
1644,1,1219,335 275 407 339
1645,1,2426,300 68 405 181
1646,1,4408,86 187 242 342
1647,1,4239,43 163 208 287
1648,1,1296,33 15 111 80
1649,0,0,0 0 0 0
1650,1,3473,103 240 232 385
1651,1,1500,132 128 218 201
1652,1,1669,429 220 521 302
1653,0,0,0 0 0 0
1654,1,2348,230 93 329 204
1655,1,2193,529 364 624 468
1656,0,0,0 0 0 0
1657,1,816,61 66 116 116
1658,0,0,0 0 0 0
1659,1,3688,320 213 449 366
1660,1,1047,34 13 102 71
1661,0,0,0 0 0 0
1662,1,2172,56 22 140 130
1663,1,2297,98 339 211 429
1664,1,1419,38 78 107 160
1665,1,1193,10 45 74 117
1666,1,3546,144 26 292 147
1667,0,0,0 0 0 0
1668,1,1257,72 116 143 181
1669,0,0,0 0 0 0
1670,1,1576,17 110 105 181
1671,1,2978,37 169 160 290
1672,1,1475,350 38 432 111
1673,1,1592,347 245 424 331
1674,0,0,0 0 0 0
1675,1,5149,108 199 284 361
1676,1,1792,105 114 189 206
1677,1,1291,85 46 162 107
1678,1,3398,151 161 295 273
1679,1,2623,143 96 266 199
1680,1,3955,213 315 371 434
1681,1,2724,46 484 173 587
1682,1,1880,301 206 384 306
1683,0,0,0 0 0 0
1684,1,2933,286 83 403 213
1685,1,2112,204 157 310 238
1686,1,1063,24 17 85 80
1687,1,2348,119 229 218 343
1688,1,1614,295 259 375 343
1689,1,1010,85 76 143 141
1690,1,1818,139 106 235 188
1691,1,776,32 15 80 70
1692,1,1124,86 13 156 71
1693,0,0,0 0 0 0
1694,1,2199,203 61 286 170
1695,1,8826,191 483 420 728
1696,1,1532,71 123 142 210
1697,1,1759,62 52 156 128
1698,1,1365,294 136 366 216
1699,1,1518,106 35 184 115
1700,1,1102,60 143 130 205
1701,1,1706,41 139 134 212
1702,1,1350,367 15 446 78
1703,1,2487,267 23 369 139
1704,1,1446,183 54 254 137
1705,1,5414,21 0 204 169
1706,1,1560,122 127 205 205
1707,1,2402,85 66 201 159
1708,1,1130,64 42 123 113
1709,0,0,0 0 0 0
1710,0,0,0 0 0 0
1711,1,1525,237 131 309 216
1712,1,2278,45 68 139 181
1713,1,1325,36 39 101 117
1714,0,0,0 0 0 0
1715,1,3741,95 426 248 541
1716,1,1984,83 126 171 229
1717,1,2405,327 57 443 155
1718,1,2658,355 73 479 180
1719,1,5084,118 264 293 425
1720,1,1911,151 182 251 268
1721,0,0,0 0 0 0
1722,0,0,0 0 0 0
1723,1,1840,356 33 452 110
1724,1,1845,32 169 119 264
1725,1,1124,85 121 151 185
1726,1,1092,68 32 123 101
1727,1,1657,114 69 204 145
1728,1,1574,17 42 96 128
1729,0,0,0 0 0 0
1730,1,2587,209 340 331 438
1731,1,1380,118 311 190 389
1732,1,6095,223 125 390 330
1733,1,2489,316 96 419 215
1734,1,2640,362 96 485 197
1735,0,0,0 0 0 0
1736,1,1165,57 239 121 308
1737,1,2153,38 323 145 407
1738,1,3380,83 219 211 356
1739,1,2776,333 141 455 255
1740,1,1264,265 166 341 226
1741,1,3325,464 141 606 252
1742,1,2594,105 166 203 287
1743,1,3564,422 147 569 261
1744,1,1856,336 109 434 185
1745,0,0,0 0 0 0
1746,1,837,22 49 80 97
1747,1,2709,125 95 250 205
1748,0,0,0 0 0 0
1749,1,1658,147 268 238 345
1750,1,3370,223 27 350 163
1751,1,1044,31 53 86 121
1752,1,1500,72 19 145 99
1753,0,0,0 0 0 0
1754,1,4493,256 116 421 266
1755,1,1522,199 61 276 143
1756,1,5002,356 177 516 358
1757,0,0,0 0 0 0
1758,1,2322,47 133 158 233
1759,1,1115,88 85 145 155
1760,1,4139,234 45 383 195
1761,1,2480,181 23 300 126
1762,1,5224,44 177 222 341
1763,1,1062,16 20 76 83
1764,0,0,0 0 0 0
1765,1,2592,344 56 460 164
1766,1,2025,345 69 438 168
1767,1,1937,390 235 467 336
1768,0,0,0 0 0 0
1769,1,3166,190 280 321 403
1770,1,5201,363 195 530 372
1771,1,2196,16 166 107 275
1772,1,926,23 45 79 104
1773,1,1088,18 64 86 119
1774,1,2389,337 219 442 326
1775,1,3161,335 45 454 183
1776,1,2129,246 231 353 318
1777,1,1176,274 139 348 200
1778,0,0,0 0 0 0
1779,1,1088,26 29 95 82
1780,1,2577,325 65 433 185
1781,1,3157,98 92 220 228
1782,1,1822,175 59 271 134
1783,1,7417,263 107 490 303
1784,1,3776,162 281 314 410
1785,1,1650,37 102 129 179
1786,1,1134,29 155 93 223
1787,1,2553,428 357 526 478
1788,0,0,0 0 0 0
1789,1,1286,16 18 85 92
1790,1,1180,76 30 149 90
1791,0,0,0 0 0 0
1792,1,2008,91 292 184 393
1793,1,1864,245 51 322 150
1794,1,4390,274 18 414 186
1795,0,0,0 0 0 0
1796,0,0,0 0 0 0
1797,1,4294,312 88 476 227
1798,1,1251,245 106 321 173
1799,1,1463,536 328 603 413
1800,1,2767,253 362 351 489
1801,1,1257,287 159 358 227
1802,1,2237,334 271 439 368
1803,1,1135,239 39 309 92
1804,1,3401,90 68 218 210
1805,0,0,0 0 0 0
1806,1,3500,266 190 396 330
1807,1,1178,24 26 87 99
1808,1,2213,196 326 294 434
1809,1,5692,121 208 271 405
1810,1,821,47 30 104 80
1811,1,2924,39 171 170 285
1812,1,1020,25 27 76 93
1813,1,1447,260 64 338 139
1814,0,0,0 0 0 0
1815,1,1844,369 66 462 154
1816,1,1369,26 16 98 94
1817,1,5001,283 150 458 310
1818,1,1555,277 62 348 150
1819,0,0,0 0 0 0
1820,1,1735,209 112 293 201
1821,1,1820,335 193 420 289
1822,1,2436,245 205 361 309
1823,1,4271,402 53 535 218
1824,1,3404,40 284 185 408
1825,0,0,0 0 0 0
1826,1,915,43 39 96 101
1827,1,1160,369 209 440 274
1828,1,5075,207 241 390 390